source,source_item_id,date,title,rating,author,language,text_snippet,url,topic_guess
google_play,GO-000027,2025-11-06,"Pas mal, mais peut mieux faire",3,rlombard,fr,"Pas mal, mais peut mieux faire.",https://example.org/google_play/GO-000027,service_client
reddit,RE-000006,2025-06-08,"Bonne appli, cherche et achète en quelques clics",5,amelie98,fr,"Bonne appli, cherche et achète en quelques clics. Merci !",https://example.org/reddit/RE-000006,application
google_play,GO-000093,2025-06-13,"Retard mineur, le personnel a été réactif",5,emilieribeiro,fr,"Retard mineur, le personnel a été réactif. Satisfait.",https://example.org/google_play/GO-000093,retard
google_play,GO-000017,2025-05-27,"Impossible d'obtenir un remboursement après l'annulation, service clie",1,rossifrancois,fr,"Impossible d'obtenir un remboursement après l'annulation, service client injoignable. Je ne recommande pas.",https://example.org/google_play/GO-000017,remboursement
google_play,GO-000132,2025-09-13,"Expérience moyenne, rien à signaler",3,anastasiechauvin,fr,"Expérience moyenne, rien à signaler.",https://example.org/google_play/GO-000132,gare
trustpilot,TR-000090,2025-09-17,Gare sale et pas de places assises pendant l'attente,2,virginiebegue,fr,Gare sale et pas de places assises pendant l'attente. Très déçu.,https://example.org/trustpilot/TR-000090,gare
google_play,GO-000047,2025-09-25,Service client a résolu mon problème rapidement,5,hallard,fr,Service client a résolu mon problème rapidement. Top service.,https://example.org/google_play/GO-000047,service_client
google_play,GO-000177,2025-08-29,"Retard mineur, le personnel a été réactif",4,paulinechauvin,fr,"Retard mineur, le personnel a été réactif. Top service.",https://example.org/google_play/GO-000177,retard
trustpilot,TR-000059,2025-06-24,"Annulation sans solution de repli, j'ai raté mon rendez-vous",1,clemencehernandez,fr,"Annulation sans solution de repli, j'ai raté mon rendez-vous. Très déçu.",https://example.org/trustpilot/TR-000059,retard
google_play,GO-000073,2025-10-10,"Expérience moyenne, rien à signaler",3,sabinepetit,fr,"Expérience moyenne, rien à signaler.",https://example.org/google_play/GO-000073,retard
google_play,GO-000077,2025-05-24,"Correct, mais quelques améliorations seraient appréciées",3,maryse69,fr,"Correct, mais quelques améliorations seraient appréciées.",https://example.org/google_play/GO-000077,retard
trustpilot,TR-000002,2025-11-04,Remboursement refusé sans explication valable,2,juliette56,fr,Remboursement refusé sans explication valable. Très déçu.,https://example.org/trustpilot/TR-000002,remboursement
google_play,GO-000034,2025-07-04,"Bonne appli, cherche et achète en quelques clics",5,lenoirlucy,fr,"Bonne appli, cherche et achète en quelques clics. Merci !",https://example.org/google_play/GO-000034,application
trustpilot,TR-000046,2025-10-01,"Tarifs trop élevés, promotions trompeuses",1,ncarlier,fr,"Tarifs trop élevés, promotions trompeuses. Très mauvaise expérience.",https://example.org/trustpilot/TR-000046,prix
trustpilot,TR-000001,2025-09-16,Remboursement refusé sans explication valable,1,jguerin,fr,Remboursement refusé sans explication valable. À éviter.,https://example.org/trustpilot/TR-000001,remboursement
trustpilot,TR-000058,2025-05-27,Personnels peu aidants en gare,1,techeranais,fr,Personnels peu aidants en gare. Très déçu.,https://example.org/trustpilot/TR-000058,service_client
reddit,RE-000011,2025-08-09,"Retards répétés sur cette ligne, inacceptable",1,marchandstephanie,fr,"Retards répétés sur cette ligne, inacceptable. Très mauvaise expérience.",https://example.org/reddit/RE-000011,retard
trustpilot,TR-000055,2025-10-25,"Manque d'affichage des quais, confusion totale",1,bvincent,fr,"Manque d'affichage des quais, confusion totale. Très mauvaise expérience.",https://example.org/trustpilot/TR-000055,gare
google_play,GO-000129,2025-07-01,"Remboursement reçu rapidement après annulation, merci",5,alicevaillant,fr,"Remboursement reçu rapidement après annulation, merci. Top service.",https://example.org/google_play/GO-000129,remboursement
google_play,GO-000168,2025-09-13,Personnel en gare sympathique,5,denisebousquet,fr,Personnel en gare sympathique. Merci !,https://example.org/google_play/GO-000168,gare
google_play,GO-000174,2025-10-26,"Bonne appli, cherche et achète en quelques clics",5,nrolland,fr,"Bonne appli, cherche et achète en quelques clics. Merci !",https://example.org/google_play/GO-000174,application
google_play,GO-000015,2025-07-22,Agent à l'accueil très professionnel et efficace,5,theophile66,fr,Agent à l'accueil très professionnel et efficace. Top service.,https://example.org/google_play/GO-000015,service_client
trustpilot,TR-000052,2025-06-17,"Expérience moyenne, rien à signaler",3,pierreroux,fr,"Expérience moyenne, rien à signaler.",https://example.org/trustpilot/TR-000052,service_client
trustpilot,TR-000098,2025-09-21,Personnels peu aidants en gare,1,pereiradorothee,fr,Personnels peu aidants en gare. Très mauvaise expérience.,https://example.org/trustpilot/TR-000098,service_client
google_play,GO-000020,2025-09-06,"Bonne appli, cherche et achète en quelques clics",5,vcarpentier,fr,"Bonne appli, cherche et achète en quelques clics. Merci !",https://example.org/google_play/GO-000020,application
trustpilot,TR-000009,2025-10-23,"Impossible d'obtenir un remboursement après l'annulation, service clie",1,aurore44,fr,"Impossible d'obtenir un remboursement après l'annulation, service client injoignable. Je ne recommande pas.",https://example.org/trustpilot/TR-000009,remboursement
google_play,GO-000085,2025-06-27,"Correct, mais quelques améliorations seraient appréciées",3,masseodette,fr,"Correct, mais quelques améliorations seraient appréciées.",https://example.org/google_play/GO-000085,gare
trustpilot,TR-000026,2025-06-27,"Train en retard, aucune information en gare, grosse perte de temps",1,arnaudedeschamps,fr,"Train en retard, aucune information en gare, grosse perte de temps. À éviter.",https://example.org/trustpilot/TR-000026,retard
trustpilot,TR-000109,2025-07-16,"Annulation sans solution de repli, j'ai raté mon rendez-vous",1,martin57,fr,"Annulation sans solution de repli, j'ai raté mon rendez-vous. Très déçu.",https://example.org/trustpilot/TR-000109,retard
google_play,GO-000071,2025-11-04,Gare propre et bien indiquée,5,fgaudin,fr,Gare propre et bien indiquée. Satisfait.,https://example.org/google_play/GO-000071,gare
google_play,GO-000137,2025-10-29,"Bonne appli, cherche et achète en quelques clics",4,gillesseguin,fr,"Bonne appli, cherche et achète en quelques clics. Top service.",https://example.org/google_play/GO-000137,application
trustpilot,TR-000100,2025-07-28,"Pas mal, mais peut mieux faire",3,odescamps,fr,"Pas mal, mais peut mieux faire.",https://example.org/trustpilot/TR-000100,application
google_play,GO-000169,2025-10-27,"Remboursement reçu rapidement après annulation, merci",5,olivier27,fr,"Remboursement reçu rapidement après annulation, merci. Top service.",https://example.org/google_play/GO-000169,remboursement
google_play,GO-000063,2025-08-16,Gare sale et pas de places assises pendant l'attente,2,franck32,fr,Gare sale et pas de places assises pendant l'attente. Très déçu.,https://example.org/google_play/GO-000063,gare
reddit,RE-000015,2025-10-12,Service client a résolu mon problème rapidement,5,claudemoreau,fr,Service client a résolu mon problème rapidement. Top service.,https://example.org/reddit/RE-000015,service_client
reddit,RE-000005,2025-10-01,"Bug lors de la réservation, j'ai été débité deux fois",2,bouvierleon,fr,"Bug lors de la réservation, j'ai été débité deux fois. Très mauvaise expérience.",https://example.org/reddit/RE-000005,application
trustpilot,TR-000078,2025-05-25,"Correct, mais quelques améliorations seraient appréciées",3,gayaime,fr,"Correct, mais quelques améliorations seraient appréciées.",https://example.org/trustpilot/TR-000078,service_client
google_play,GO-000123,2025-10-13,"Annulation sans solution de repli, j'ai raté mon rendez-vous",1,gerard89,fr,"Annulation sans solution de repli, j'ai raté mon rendez-vous. À éviter.",https://example.org/google_play/GO-000123,retard
google_play,GO-000095,2025-11-09,"Expérience moyenne, rien à signaler",3,francois67,fr,"Expérience moyenne, rien à signaler.",https://example.org/google_play/GO-000095,remboursement
google_play,GO-000059,2025-06-21,Bon prix pour une réservation à l'avance,5,laetitia12,fr,Bon prix pour une réservation à l'avance. Très bien.,https://example.org/google_play/GO-000059,prix
google_play,GO-000131,2025-08-15,Gare propre et bien indiquée,5,maggiemunoz,fr,Gare propre et bien indiquée. Très bien.,https://example.org/google_play/GO-000131,gare
google_play,GO-000067,2025-06-21,"Manque d'affichage des quais, confusion totale",1,odette13,fr,"Manque d'affichage des quais, confusion totale. À éviter.",https://example.org/google_play/GO-000067,gare
trustpilot,TR-000060,2025-09-21,"Nouvelle app moins pratique que l'ancienne, trop de notifications inut",1,cohenstephane,fr,"Nouvelle app moins pratique que l'ancienne, trop de notifications inutiles. Je ne recommande pas.",https://example.org/trustpilot/TR-000060,application
google_play,GO-000167,2025-10-05,"Remboursement reçu rapidement après annulation, merci",5,deschampsphilippe,fr,"Remboursement reçu rapidement après annulation, merci. Satisfait.",https://example.org/google_play/GO-000167,remboursement
trustpilot,TR-000017,2025-06-16,"Retards répétés sur cette ligne, inacceptable",2,michelleloiseau,fr,"Retards répétés sur cette ligne, inacceptable. À éviter.",https://example.org/trustpilot/TR-000017,retard
reddit,RE-000017,2025-08-16,"Correct, mais quelques améliorations seraient appréciées",3,vmerle,fr,"Correct, mais quelques améliorations seraient appréciées.",https://example.org/reddit/RE-000017,application
google_play,GO-000140,2025-10-17,Agent à l'accueil très professionnel et efficace,5,monique77,fr,Agent à l'accueil très professionnel et efficace. Merci !,https://example.org/google_play/GO-000140,service_client
google_play,GO-000045,2025-05-28,"Correct, mais quelques améliorations seraient appréciées",3,dhubert,fr,"Correct, mais quelques améliorations seraient appréciées.",https://example.org/google_play/GO-000045,service_client
trustpilot,TR-000047,2025-07-27,"Prix augmentés au dernier moment, très décevant",1,alice23,fr,"Prix augmentés au dernier moment, très décevant. Très mauvaise expérience.",https://example.org/trustpilot/TR-000047,prix
google_play,GO-000061,2025-09-14,Bon prix pour une réservation à l'avance,5,tfleury,fr,Bon prix pour une réservation à l'avance. Top service.,https://example.org/google_play/GO-000061,prix
trustpilot,TR-000023,2025-08-29,Service client a résolu mon problème rapidement,4,mahevincent,fr,Service client a résolu mon problème rapidement. Satisfait.,https://example.org/trustpilot/TR-000023,service_client
trustpilot,TR-000114,2025-07-28,"Application plante au paiement, obligé d'acheter au guichet",1,garnierdorothee,fr,"Application plante au paiement, obligé d'acheter au guichet. À éviter.",https://example.org/trustpilot/TR-000114,application
reddit,RE-000013,2025-07-08,"Retard mineur, le personnel a été réactif",5,veroniqueleclerc,fr,"Retard mineur, le personnel a été réactif. Merci !",https://example.org/reddit/RE-000013,retard
google_play,GO-000055,2025-06-27,Personnels peu aidants en gare,2,zachariebriand,fr,Personnels peu aidants en gare. À éviter.,https://example.org/google_play/GO-000055,service_client
trustpilot,TR-000115,2025-10-04,Le remboursement a été géré correctement,5,lrenaud,fr,Le remboursement a été géré correctement. Satisfait.,https://example.org/trustpilot/TR-000115,remboursement
google_play,GO-000037,2025-08-31,"Remboursement reçu rapidement après annulation, merci",5,arthurberger,fr,"Remboursement reçu rapidement après annulation, merci. Satisfait.",https://example.org/google_play/GO-000037,remboursement
google_play,GO-000124,2025-08-07,Personnel en gare sympathique,5,suzanne36,fr,Personnel en gare sympathique. Très bien.,https://example.org/google_play/GO-000124,gare
trustpilot,TR-000097,2025-07-29,"Retards répétés sur cette ligne, inacceptable",1,isaac30,fr,"Retards répétés sur cette ligne, inacceptable. Je ne recommande pas.",https://example.org/trustpilot/TR-000097,retard
google_play,GO-000005,2025-05-17,"Bonne appli, cherche et achète en quelques clics",5,eliseleclerc,fr,"Bonne appli, cherche et achète en quelques clics. Satisfait.",https://example.org/google_play/GO-000005,application
google_play,GO-000139,2025-08-22,Gare propre et bien indiquée,5,franckgirard,fr,Gare propre et bien indiquée. Top service.,https://example.org/google_play/GO-000139,gare
google_play,GO-000127,2025-08-01,Personnel en gare sympathique,4,rguillet,fr,Personnel en gare sympathique. Satisfait.,https://example.org/google_play/GO-000127,gare
trustpilot,TR-000021,2025-06-24,"Pas mal, mais peut mieux faire",3,groscaroline,fr,"Pas mal, mais peut mieux faire.",https://example.org/trustpilot/TR-000021,service_client
reddit,RE-000002,2025-07-08,"Correct, mais quelques améliorations seraient appréciées",3,paulinehamel,fr,"Correct, mais quelques améliorations seraient appréciées.",https://example.org/reddit/RE-000002,prix
trustpilot,TR-000070,2025-09-17,Le remboursement a été géré correctement,5,alebrun,fr,Le remboursement a été géré correctement. Merci !,https://example.org/trustpilot/TR-000070,remboursement
trustpilot,TR-000018,2025-10-31,"Train en retard, aucune information en gare, grosse perte de temps",1,juliette86,fr,"Train en retard, aucune information en gare, grosse perte de temps. Très mauvaise expérience.",https://example.org/trustpilot/TR-000018,retard
trustpilot,TR-000008,2025-06-18,"Tarifs trop élevés, promotions trompeuses",1,richardines,fr,"Tarifs trop élevés, promotions trompeuses. À éviter.",https://example.org/trustpilot/TR-000008,prix
google_play,GO-000031,2025-07-30,Gare propre et bien indiquée,5,grostherese,fr,Gare propre et bien indiquée. Très bien.,https://example.org/google_play/GO-000031,gare
google_play,GO-000081,2025-06-03,Service client a résolu mon problème rapidement,4,tpages,fr,Service client a résolu mon problème rapidement. Très bien.,https://example.org/google_play/GO-000081,service_client
trustpilot,TR-000071,2025-09-16,"Prix augmentés au dernier moment, très décevant",1,mdufour,fr,"Prix augmentés au dernier moment, très décevant. À éviter.",https://example.org/trustpilot/TR-000071,prix
trustpilot,TR-000027,2025-06-12,"Expérience moyenne, rien à signaler",3,dcaron,fr,"Expérience moyenne, rien à signaler.",https://example.org/trustpilot/TR-000027,service_client
google_play,GO-000125,2025-11-02,Petit retard mais prise en charge correcte,5,claireguyon,fr,Petit retard mais prise en charge correcte. Merci !,https://example.org/google_play/GO-000125,retard
trustpilot,TR-000020,2025-06-13,Bon prix pour une réservation à l'avance,5,bourdonalexandre,fr,Bon prix pour une réservation à l'avance. Top service.,https://example.org/trustpilot/TR-000020,prix
google_play,GO-000056,2025-10-20,"Remboursement reçu rapidement après annulation, merci",5,gdavid,fr,"Remboursement reçu rapidement après annulation, merci. Satisfait.",https://example.org/google_play/GO-000056,remboursement
reddit,RE-000018,2025-05-17,Service client a résolu mon problème rapidement,5,lombardbernadette,fr,Service client a résolu mon problème rapidement. Satisfait.,https://example.org/reddit/RE-000018,service_client
trustpilot,TR-000057,2025-09-01,"Application plante au paiement, obligé d'acheter au guichet",1,marcelleclerc,fr,"Application plante au paiement, obligé d'acheter au guichet. Je ne recommande pas.",https://example.org/trustpilot/TR-000057,application
trustpilot,TR-000110,2025-08-25,"Application fluide, réservation rapide",5,hrodriguez,fr,"Application fluide, réservation rapide. Merci !",https://example.org/trustpilot/TR-000110,application
reddit,RE-000003,2025-10-23,Personnels peu aidants en gare,2,dumontrene,fr,Personnels peu aidants en gare. Très déçu.,https://example.org/reddit/RE-000003,service_client
trustpilot,TR-000106,2025-11-08,"Prix augmentés au dernier moment, très décevant",2,alfred29,fr,"Prix augmentés au dernier moment, très décevant. Très déçu.",https://example.org/trustpilot/TR-000106,prix
trustpilot,TR-000092,2025-06-25,"Prix augmentés au dernier moment, très décevant",2,anaismaillard,fr,"Prix augmentés au dernier moment, très décevant. Très mauvaise expérience.",https://example.org/trustpilot/TR-000092,prix
trustpilot,TR-000005,2025-10-04,Petit retard mais prise en charge correcte,5,bernadetterey,fr,Petit retard mais prise en charge correcte. Satisfait.,https://example.org/trustpilot/TR-000005,retard
google_play,GO-000104,2025-08-02,Petit retard mais prise en charge correcte,5,gfouquet,fr,Petit retard mais prise en charge correcte. Satisfait.,https://example.org/google_play/GO-000104,retard
google_play,GO-000041,2025-08-30,"Correct, mais quelques améliorations seraient appréciées",3,oceane63,fr,"Correct, mais quelques améliorations seraient appréciées.",https://example.org/google_play/GO-000041,prix
google_play,GO-000086,2025-07-10,Gare propre et bien indiquée,4,pfernandes,fr,Gare propre et bien indiquée. Top service.,https://example.org/google_play/GO-000086,gare
trustpilot,TR-000080,2025-08-21,Personnel en gare sympathique,5,marie74,fr,Personnel en gare sympathique. Satisfait.,https://example.org/trustpilot/TR-000080,gare
google_play,GO-000040,2025-05-31,"Retard mineur, le personnel a été réactif",4,anaisolivier,fr,"Retard mineur, le personnel a été réactif. Top service.",https://example.org/google_play/GO-000040,retard
google_play,GO-000054,2025-08-20,"Expérience moyenne, rien à signaler",3,xlebrun,fr,"Expérience moyenne, rien à signaler.",https://example.org/google_play/GO-000054,gare
google_play,GO-000149,2025-06-22,"Pas mal, mais peut mieux faire",3,bernadettemeyer,fr,"Pas mal, mais peut mieux faire.",https://example.org/google_play/GO-000149,remboursement
google_play,GO-000072,2025-08-21,Gare propre et bien indiquée,5,margot76,fr,Gare propre et bien indiquée. Merci !,https://example.org/google_play/GO-000072,gare
google_play,GO-000078,2025-11-09,Personnels peu aidants en gare,2,ahoarau,fr,Personnels peu aidants en gare. Très déçu.,https://example.org/google_play/GO-000078,service_client
trustpilot,TR-000007,2025-07-18,"Nouvelle app moins pratique que l'ancienne, trop de notifications inut",1,anaisdupuy,fr,"Nouvelle app moins pratique que l'ancienne, trop de notifications inutiles. À éviter.",https://example.org/trustpilot/TR-000007,application
trustpilot,TR-000030,2025-10-11,"Expérience moyenne, rien à signaler",3,celineperon,fr,"Expérience moyenne, rien à signaler.",https://example.org/trustpilot/TR-000030,service_client
google_play,GO-000042,2025-09-11,"Bonne appli, cherche et achète en quelques clics",5,garciaadelaide,fr,"Bonne appli, cherche et achète en quelques clics. Top service.",https://example.org/google_play/GO-000042,application
google_play,GO-000052,2025-05-29,Bon prix pour une réservation à l'avance,5,helene59,fr,Bon prix pour une réservation à l'avance. Très bien.,https://example.org/google_play/GO-000052,prix
google_play,GO-000025,2025-09-04,"Pas mal, mais peut mieux faire",3,susan81,fr,"Pas mal, mais peut mieux faire.",https://example.org/google_play/GO-000025,gare
google_play,GO-000113,2025-09-04,"Manque d'affichage des quais, confusion totale",1,thierrycelina,fr,"Manque d'affichage des quais, confusion totale. Très déçu.",https://example.org/google_play/GO-000113,gare
trustpilot,TR-000112,2025-05-21,Gare sale et pas de places assises pendant l'attente,1,arnaudmatthieu,fr,Gare sale et pas de places assises pendant l'attente. Très déçu.,https://example.org/trustpilot/TR-000112,gare
google_play,GO-000141,2025-10-22,"Correct, mais quelques améliorations seraient appréciées",3,philippe71,fr,"Correct, mais quelques améliorations seraient appréciées.",https://example.org/google_play/GO-000141,application
trustpilot,TR-000004,2025-11-11,Bon prix pour une réservation à l'avance,5,valeriealbert,fr,Bon prix pour une réservation à l'avance. Top service.,https://example.org/trustpilot/TR-000004,prix
google_play,GO-000087,2025-07-22,"Application fluide, réservation rapide",5,rle-roux,fr,"Application fluide, réservation rapide. Satisfait.",https://example.org/google_play/GO-000087,application
google_play,GO-000115,2025-06-03,Petit retard mais prise en charge correcte,5,alixantoine,fr,Petit retard mais prise en charge correcte. Merci !,https://example.org/google_play/GO-000115,retard
google_play,GO-000044,2025-09-01,Offre intéressante pour les jeunes,4,fda-silva,fr,Offre intéressante pour les jeunes. Satisfait.,https://example.org/google_play/GO-000044,prix
trustpilot,TR-000102,2025-10-01,"Demande de remboursement bloquée depuis des semaines, très décevant",2,cecilecosta,fr,"Demande de remboursement bloquée depuis des semaines, très décevant. À éviter.",https://example.org/trustpilot/TR-000102,remboursement
trustpilot,TR-000040,2025-05-29,"Correct, mais quelques améliorations seraient appréciées",3,barrealain,fr,"Correct, mais quelques améliorations seraient appréciées.",https://example.org/trustpilot/TR-000040,remboursement
google_play,GO-000097,2025-07-14,Personnel en gare sympathique,4,guillotconstance,fr,Personnel en gare sympathique. Merci !,https://example.org/google_play/GO-000097,gare
trustpilot,TR-000054,2025-08-03,"Manque d'affichage des quais, confusion totale",1,sabine10,fr,"Manque d'affichage des quais, confusion totale. Je ne recommande pas.",https://example.org/trustpilot/TR-000054,gare
google_play,GO-000148,2025-06-13,"Expérience moyenne, rien à signaler",3,mendesaugustin,fr,"Expérience moyenne, rien à signaler.",https://example.org/google_play/GO-000148,prix
google_play,GO-000070,2025-10-08,"Correct, mais quelques améliorations seraient appréciées",3,lacombeconstance,fr,"Correct, mais quelques améliorations seraient appréciées.",https://example.org/google_play/GO-000070,gare
trustpilot,TR-000043,2025-09-10,"Tarifs trop élevés, promotions trompeuses",2,htoussaint,fr,"Tarifs trop élevés, promotions trompeuses. À éviter.",https://example.org/trustpilot/TR-000043,prix
google_play,GO-000155,2025-07-21,Gare propre et bien indiquée,5,emmanuellebreton,fr,Gare propre et bien indiquée. Top service.,https://example.org/google_play/GO-000155,gare
google_play,GO-000165,2025-11-03,"Manque d'affichage des quais, confusion totale",1,bazinrobert,fr,"Manque d'affichage des quais, confusion totale. Je ne recommande pas.",https://example.org/google_play/GO-000165,gare
trustpilot,TR-000105,2025-08-07,"Annulation sans solution de repli, j'ai raté mon rendez-vous",1,denise48,fr,"Annulation sans solution de repli, j'ai raté mon rendez-vous. À éviter.",https://example.org/trustpilot/TR-000105,retard
trustpilot,TR-000061,2025-10-20,"Bonne appli, cherche et achète en quelques clics",4,renaudgabriel,fr,"Bonne appli, cherche et achète en quelques clics. Satisfait.",https://example.org/trustpilot/TR-000061,application
google_play,GO-000003,2025-10-20,"Expérience moyenne, rien à signaler",3,emilemonnier,fr,"Expérience moyenne, rien à signaler.",https://example.org/google_play/GO-000003,prix
google_play,GO-000066,2025-11-07,Offre intéressante pour les jeunes,5,alix35,fr,Offre intéressante pour les jeunes. Satisfait.,https://example.org/google_play/GO-000066,prix
google_play,GO-000069,2025-05-23,"Application fluide, réservation rapide",5,guilbertanouk,fr,"Application fluide, réservation rapide. Très bien.",https://example.org/google_play/GO-000069,application
trustpilot,TR-000063,2025-06-22,"Application plante au paiement, obligé d'acheter au guichet",2,mathieuclaire,fr,"Application plante au paiement, obligé d'acheter au guichet. Très mauvaise expérience.",https://example.org/trustpilot/TR-000063,application
google_play,GO-000103,2025-07-25,Bon prix pour une réservation à l'avance,5,qpineau,fr,Bon prix pour une réservation à l'avance. Merci !,https://example.org/google_play/GO-000103,prix
google_play,GO-000180,2025-10-12,"Application fluide, réservation rapide",5,philippine11,fr,"Application fluide, réservation rapide. Satisfait.",https://example.org/google_play/GO-000180,application
google_play,GO-000156,2025-08-10,Petit retard mais prise en charge correcte,5,thierryweiss,fr,Petit retard mais prise en charge correcte. Top service.,https://example.org/google_play/GO-000156,retard
google_play,GO-000158,2025-06-30,"Correct, mais quelques améliorations seraient appréciées",3,leclerccecile,fr,"Correct, mais quelques améliorations seraient appréciées.",https://example.org/google_play/GO-000158,prix
trustpilot,TR-000044,2025-06-25,"Pas mal, mais peut mieux faire",3,therese84,fr,"Pas mal, mais peut mieux faire.",https://example.org/trustpilot/TR-000044,remboursement
trustpilot,TR-000076,2025-06-18,"Bonne appli, cherche et achète en quelques clics",5,cgrondin,fr,"Bonne appli, cherche et achète en quelques clics. Merci !",https://example.org/trustpilot/TR-000076,application
google_play,GO-000014,2025-06-10,"Impossible d'obtenir un remboursement après l'annulation, service clie",2,manonlebrun,fr,"Impossible d'obtenir un remboursement après l'annulation, service client injoignable. Très déçu.",https://example.org/google_play/GO-000014,remboursement
google_play,GO-000143,2025-09-01,Agent à l'accueil très professionnel et efficace,5,waubert,fr,Agent à l'accueil très professionnel et efficace. Satisfait.,https://example.org/google_play/GO-000143,service_client
reddit,RE-000004,2025-10-23,Petit retard mais prise en charge correcte,4,paulroche,fr,Petit retard mais prise en charge correcte. Satisfait.,https://example.org/reddit/RE-000004,retard
google_play,GO-000079,2025-06-16,Le remboursement a été géré correctement,5,antoinette68,fr,Le remboursement a été géré correctement. Satisfait.,https://example.org/google_play/GO-000079,remboursement
google_play,GO-000136,2025-08-14,Offre intéressante pour les jeunes,4,guilbertguy,fr,Offre intéressante pour les jeunes. Satisfait.,https://example.org/google_play/GO-000136,prix
google_play,GO-000032,2025-08-02,"Correct, mais quelques améliorations seraient appréciées",3,josephroger,fr,"Correct, mais quelques améliorations seraient appréciées.",https://example.org/google_play/GO-000032,application
google_play,GO-000147,2025-05-29,"Pas mal, mais peut mieux faire",3,timotheecoste,fr,"Pas mal, mais peut mieux faire.",https://example.org/google_play/GO-000147,application
google_play,GO-000107,2025-06-15,Le remboursement a été géré correctement,4,lucasarthur,fr,Le remboursement a été géré correctement. Très bien.,https://example.org/google_play/GO-000107,remboursement
reddit,RE-000010,2025-06-20,"Manque d'affichage des quais, confusion totale",2,uleclercq,fr,"Manque d'affichage des quais, confusion totale. À éviter.",https://example.org/reddit/RE-000010,gare
google_play,GO-000019,2025-09-14,Personnel en gare sympathique,4,caronluce,fr,Personnel en gare sympathique. Satisfait.,https://example.org/google_play/GO-000019,gare
google_play,GO-000082,2025-05-30,"Pas mal, mais peut mieux faire",3,fouquetvirginie,fr,"Pas mal, mais peut mieux faire.",https://example.org/google_play/GO-000082,gare
trustpilot,TR-000039,2025-07-16,"Prix augmentés au dernier moment, très décevant",2,brunetfrancois,fr,"Prix augmentés au dernier moment, très décevant. Très mauvaise expérience.",https://example.org/trustpilot/TR-000039,prix
google_play,GO-000134,2025-05-22,Personnel en gare sympathique,5,margauxmarion,fr,Personnel en gare sympathique. Top service.,https://example.org/google_play/GO-000134,gare
google_play,GO-000013,2025-06-21,"Remboursement reçu rapidement après annulation, merci",5,jacqueline44,fr,"Remboursement reçu rapidement après annulation, merci. Très bien.",https://example.org/google_play/GO-000013,remboursement
google_play,GO-000002,2025-05-31,"Pas mal, mais peut mieux faire",3,julienrobin,fr,"Pas mal, mais peut mieux faire.",https://example.org/google_play/GO-000002,gare
trustpilot,TR-000086,2025-05-24,Service client a résolu mon problème rapidement,5,tessierines,fr,Service client a résolu mon problème rapidement. Merci !,https://example.org/trustpilot/TR-000086,service_client
trustpilot,TR-000036,2025-07-04,"Expérience moyenne, rien à signaler",3,catherinedelmas,fr,"Expérience moyenne, rien à signaler.",https://example.org/trustpilot/TR-000036,application
trustpilot,TR-000010,2025-09-02,"Pas mal, mais peut mieux faire",3,sophie75,fr,"Pas mal, mais peut mieux faire.",https://example.org/trustpilot/TR-000010,remboursement
google_play,GO-000050,2025-07-09,"Expérience moyenne, rien à signaler",3,gayvictoire,fr,"Expérience moyenne, rien à signaler.",https://example.org/google_play/GO-000050,gare
trustpilot,TR-000011,2025-09-20,"Application plante au paiement, obligé d'acheter au guichet",1,benjaminalexandre,fr,"Application plante au paiement, obligé d'acheter au guichet. À éviter.",https://example.org/trustpilot/TR-000011,application
google_play,GO-000161,2025-07-04,"Pas mal, mais peut mieux faire",3,walves,fr,"Pas mal, mais peut mieux faire.",https://example.org/google_play/GO-000161,application
google_play,GO-000049,2025-05-27,Personnel en gare sympathique,5,vbaron,fr,Personnel en gare sympathique. Top service.,https://example.org/google_play/GO-000049,gare
google_play,GO-000011,2025-07-23,Personnels peu aidants en gare,2,juliegosselin,fr,Personnels peu aidants en gare. Très mauvaise expérience.,https://example.org/google_play/GO-000011,service_client
trustpilot,TR-000051,2025-10-13,Remboursement refusé sans explication valable,2,ericmichaud,fr,Remboursement refusé sans explication valable. Je ne recommande pas.,https://example.org/trustpilot/TR-000051,remboursement
google_play,GO-000100,2025-07-22,"Prix augmentés au dernier moment, très décevant",2,beckermargaud,fr,"Prix augmentés au dernier moment, très décevant. Très déçu.",https://example.org/google_play/GO-000100,prix
google_play,GO-000051,2025-07-23,"Retards répétés sur cette ligne, inacceptable",1,dbriand,fr,"Retards répétés sur cette ligne, inacceptable. À éviter.",https://example.org/google_play/GO-000051,retard
google_play,GO-000023,2025-10-25,Gare propre et bien indiquée,5,thibault75,fr,Gare propre et bien indiquée. Satisfait.,https://example.org/google_play/GO-000023,gare
google_play,GO-000153,2025-06-13,"Remboursement reçu rapidement après annulation, merci",5,hpascal,fr,"Remboursement reçu rapidement après annulation, merci. Satisfait.",https://example.org/google_play/GO-000153,remboursement
trustpilot,TR-000096,2025-09-14,"Service client incompétent, attente interminable au téléphone",1,michellemorvan,fr,"Service client incompétent, attente interminable au téléphone. Je ne recommande pas.",https://example.org/trustpilot/TR-000096,service_client
google_play,GO-000112,2025-06-10,"Application fluide, réservation rapide",4,augustinweber,fr,"Application fluide, réservation rapide. Top service.",https://example.org/google_play/GO-000112,application
google_play,GO-000099,2025-10-28,Personnel en gare sympathique,4,berthelotthomas,fr,Personnel en gare sympathique. Top service.,https://example.org/google_play/GO-000099,gare
trustpilot,TR-000033,2025-10-13,Offre intéressante pour les jeunes,5,aimeefouquet,fr,Offre intéressante pour les jeunes. Top service.,https://example.org/trustpilot/TR-000033,prix
trustpilot,TR-000031,2025-09-19,Agent à l'accueil très professionnel et efficace,5,rousseaucamille,fr,Agent à l'accueil très professionnel et efficace. Satisfait.,https://example.org/trustpilot/TR-000031,service_client
trustpilot,TR-000072,2025-10-26,"Annulation sans solution de repli, j'ai raté mon rendez-vous",1,yguillou,fr,"Annulation sans solution de repli, j'ai raté mon rendez-vous. À éviter.",https://example.org/trustpilot/TR-000072,retard
google_play,GO-000159,2025-10-30,"Retard mineur, le personnel a été réactif",5,colette93,fr,"Retard mineur, le personnel a été réactif. Très bien.",https://example.org/google_play/GO-000159,retard
google_play,GO-000176,2025-06-04,"Application fluide, réservation rapide",5,andreebodin,fr,"Application fluide, réservation rapide. Top service.",https://example.org/google_play/GO-000176,application
google_play,GO-000074,2025-07-07,"Correct, mais quelques améliorations seraient appréciées",3,chantalaubert,fr,"Correct, mais quelques améliorations seraient appréciées.",https://example.org/google_play/GO-000074,application
google_play,GO-000096,2025-09-06,Petit retard mais prise en charge correcte,5,sleveque,fr,Petit retard mais prise en charge correcte. Merci !,https://example.org/google_play/GO-000096,retard
google_play,GO-000133,2025-05-29,"Application fluide, réservation rapide",5,gillescarlier,fr,"Application fluide, réservation rapide. Très bien.",https://example.org/google_play/GO-000133,application
google_play,GO-000060,2025-09-29,"Expérience moyenne, rien à signaler",3,astrid73,fr,"Expérience moyenne, rien à signaler.",https://example.org/google_play/GO-000060,retard
google_play,GO-000022,2025-10-14,"Pas mal, mais peut mieux faire",3,neveuthibault,fr,"Pas mal, mais peut mieux faire.",https://example.org/google_play/GO-000022,retard
trustpilot,TR-000093,2025-09-07,"Retards répétés sur cette ligne, inacceptable",2,bmasse,fr,"Retards répétés sur cette ligne, inacceptable. Très mauvaise expérience.",https://example.org/trustpilot/TR-000093,retard
trustpilot,TR-000050,2025-09-26,"Tarifs trop élevés, promotions trompeuses",1,jacquotdenise,fr,"Tarifs trop élevés, promotions trompeuses. Très déçu.",https://example.org/trustpilot/TR-000050,prix
google_play,GO-000109,2025-08-14,"Tarifs trop élevés, promotions trompeuses",1,normandmarguerite,fr,"Tarifs trop élevés, promotions trompeuses. À éviter.",https://example.org/google_play/GO-000109,prix
google_play,GO-000179,2025-05-31,Service client a résolu mon problème rapidement,4,constancenormand,fr,Service client a résolu mon problème rapidement. Satisfait.,https://example.org/google_play/GO-000179,service_client
trustpilot,TR-000014,2025-10-27,"Demande de remboursement bloquée depuis des semaines, très décevant",1,foucherrobert,fr,"Demande de remboursement bloquée depuis des semaines, très décevant. Très mauvaise expérience.",https://example.org/trustpilot/TR-000014,remboursement
google_play,GO-000114,2025-08-15,"Pas mal, mais peut mieux faire",3,noel58,fr,"Pas mal, mais peut mieux faire.",https://example.org/google_play/GO-000114,application
trustpilot,TR-000012,2025-10-02,Gare propre et bien indiquée,5,nicolasdorothee,fr,Gare propre et bien indiquée. Très bien.,https://example.org/trustpilot/TR-000012,gare
google_play,GO-000062,2025-07-16,"Bonne appli, cherche et achète en quelques clics",4,scollin,fr,"Bonne appli, cherche et achète en quelques clics. Satisfait.",https://example.org/google_play/GO-000062,application
trustpilot,TR-000104,2025-09-07,"Annulation sans solution de repli, j'ai raté mon rendez-vous",1,oceanedupont,fr,"Annulation sans solution de repli, j'ai raté mon rendez-vous. Je ne recommande pas.",https://example.org/trustpilot/TR-000104,retard
google_play,GO-000178,2025-07-04,"Retard mineur, le personnel a été réactif",5,claroche,fr,"Retard mineur, le personnel a été réactif. Satisfait.",https://example.org/google_play/GO-000178,retard
trustpilot,TR-000068,2025-11-06,"Pas mal, mais peut mieux faire",3,sylvie50,fr,"Pas mal, mais peut mieux faire.",https://example.org/trustpilot/TR-000068,retard
trustpilot,TR-000035,2025-10-26,Remboursement refusé sans explication valable,1,victor67,fr,Remboursement refusé sans explication valable. Très déçu.,https://example.org/trustpilot/TR-000035,remboursement
trustpilot,TR-000111,2025-09-23,"Demande de remboursement bloquée depuis des semaines, très décevant",2,coletteaubry,fr,"Demande de remboursement bloquée depuis des semaines, très décevant. Très mauvaise expérience.",https://example.org/trustpilot/TR-000111,remboursement
google_play,GO-000108,2025-08-14,Personnels peu aidants en gare,2,michele63,fr,Personnels peu aidants en gare. Très déçu.,https://example.org/google_play/GO-000108,service_client
trustpilot,TR-000003,2025-05-30,"Train en retard, aucune information en gare, grosse perte de temps",1,noel20,fr,"Train en retard, aucune information en gare, grosse perte de temps. Très déçu.",https://example.org/trustpilot/TR-000003,retard
google_play,GO-000018,2025-11-12,"Retard mineur, le personnel a été réactif",5,marieberthelot,fr,"Retard mineur, le personnel a été réactif. Merci !",https://example.org/google_play/GO-000018,retard
trustpilot,TR-000074,2025-09-07,"Manque d'affichage des quais, confusion totale",1,renee86,fr,"Manque d'affichage des quais, confusion totale. Très déçu.",https://example.org/trustpilot/TR-000074,gare
google_play,GO-000001,2025-06-23,"Impossible d'obtenir un remboursement après l'annulation, service clie",2,jeanvalette,fr,"Impossible d'obtenir un remboursement après l'annulation, service client injoignable. Très mauvaise expérience.",https://example.org/google_play/GO-000001,remboursement
reddit,RE-000012,2025-08-24,"Remboursement reçu rapidement après annulation, merci",5,sebastien13,fr,"Remboursement reçu rapidement après annulation, merci. Satisfait.",https://example.org/reddit/RE-000012,remboursement
google_play,GO-000048,2025-07-30,"Retards répétés sur cette ligne, inacceptable",1,marysealves,fr,"Retards répétés sur cette ligne, inacceptable. Très mauvaise expérience.",https://example.org/google_play/GO-000048,retard
google_play,GO-000033,2025-07-19,"Expérience moyenne, rien à signaler",3,lucy54,fr,"Expérience moyenne, rien à signaler.",https://example.org/google_play/GO-000033,service_client
google_play,GO-000007,2025-07-12,Gare propre et bien indiquée,5,bazinlaurent,fr,Gare propre et bien indiquée. Très bien.,https://example.org/google_play/GO-000007,gare
trustpilot,TR-000073,2025-06-01,"Pas mal, mais peut mieux faire",3,raubert,fr,"Pas mal, mais peut mieux faire.",https://example.org/trustpilot/TR-000073,application
google_play,GO-000117,2025-06-20,Petit retard mais prise en charge correcte,5,jacques33,fr,Petit retard mais prise en charge correcte. Satisfait.,https://example.org/google_play/GO-000117,retard
google_play,GO-000098,2025-06-08,"Application fluide, réservation rapide",5,kjoseph,fr,"Application fluide, réservation rapide. Top service.",https://example.org/google_play/GO-000098,application
trustpilot,TR-000091,2025-10-12,"Manque d'affichage des quais, confusion totale",1,susanbertrand,fr,"Manque d'affichage des quais, confusion totale. Très déçu.",https://example.org/trustpilot/TR-000091,gare
google_play,GO-000030,2025-07-31,Bon prix pour une réservation à l'avance,5,aime05,fr,Bon prix pour une réservation à l'avance. Top service.,https://example.org/google_play/GO-000030,prix
trustpilot,TR-000056,2025-07-06,"Service client incompétent, attente interminable au téléphone",1,qhenry,fr,"Service client incompétent, attente interminable au téléphone. Très déçu.",https://example.org/trustpilot/TR-000056,service_client
google_play,GO-000106,2025-10-22,Petit retard mais prise en charge correcte,4,pmarie,fr,Petit retard mais prise en charge correcte. Merci !,https://example.org/google_play/GO-000106,retard
trustpilot,TR-000118,2025-08-18,"Tarifs trop élevés, promotions trompeuses",2,vruiz,fr,"Tarifs trop élevés, promotions trompeuses. Très mauvaise expérience.",https://example.org/trustpilot/TR-000118,prix
google_play,GO-000010,2025-10-17,Le remboursement a été géré correctement,5,gillesastrid,fr,Le remboursement a été géré correctement. Très bien.,https://example.org/google_play/GO-000010,remboursement
google_play,GO-000160,2025-10-22,"Application fluide, réservation rapide",5,bouviergerard,fr,"Application fluide, réservation rapide. Merci !",https://example.org/google_play/GO-000160,application
google_play,GO-000164,2025-08-23,Le remboursement a été géré correctement,4,chantaldijoux,fr,Le remboursement a été géré correctement. Très bien.,https://example.org/google_play/GO-000164,remboursement
trustpilot,TR-000006,2025-10-19,"Application plante au paiement, obligé d'acheter au guichet",2,cadam,fr,"Application plante au paiement, obligé d'acheter au guichet. Très déçu.",https://example.org/trustpilot/TR-000006,application
google_play,GO-000080,2025-07-15,Personnel en gare sympathique,5,kgarnier,fr,Personnel en gare sympathique. Merci !,https://example.org/google_play/GO-000080,gare
google_play,GO-000152,2025-10-04,"Tarifs trop élevés, promotions trompeuses",1,olivieralphonse,fr,"Tarifs trop élevés, promotions trompeuses. Je ne recommande pas.",https://example.org/google_play/GO-000152,prix
google_play,GO-000083,2025-07-09,"Retard mineur, le personnel a été réactif",5,oaubert,fr,"Retard mineur, le personnel a été réactif. Merci !",https://example.org/google_play/GO-000083,retard
google_play,GO-000105,2025-05-26,Le remboursement a été géré correctement,5,hbenard,fr,Le remboursement a été géré correctement. Top service.,https://example.org/google_play/GO-000105,remboursement
google_play,GO-000110,2025-09-16,Agent à l'accueil très professionnel et efficace,5,gregoirecolas,fr,Agent à l'accueil très professionnel et efficace. Très bien.,https://example.org/google_play/GO-000110,service_client
google_play,GO-000008,2025-08-29,Service client a résolu mon problème rapidement,5,nmonnier,fr,Service client a résolu mon problème rapidement. Merci !,https://example.org/google_play/GO-000008,service_client
google_play,GO-000092,2025-06-24,"Expérience moyenne, rien à signaler",3,victoireneveu,fr,"Expérience moyenne, rien à signaler.",https://example.org/google_play/GO-000092,retard
google_play,GO-000076,2025-10-07,"Expérience moyenne, rien à signaler",3,etorres,fr,"Expérience moyenne, rien à signaler.",https://example.org/google_play/GO-000076,prix
trustpilot,TR-000049,2025-10-29,Remboursement refusé sans explication valable,1,clairegaillard,fr,Remboursement refusé sans explication valable. Très déçu.,https://example.org/trustpilot/TR-000049,remboursement
google_play,GO-000121,2025-09-17,Personnel en gare sympathique,4,chantal16,fr,Personnel en gare sympathique. Satisfait.,https://example.org/google_play/GO-000121,gare
google_play,GO-000065,2025-07-12,"Pas mal, mais peut mieux faire",3,benardsebastien,fr,"Pas mal, mais peut mieux faire.",https://example.org/google_play/GO-000065,retard
google_play,GO-000028,2025-09-29,Gare propre et bien indiquée,4,bourdongenevieve,fr,Gare propre et bien indiquée. Satisfait.,https://example.org/google_play/GO-000028,gare
trustpilot,TR-000084,2025-05-24,"Bug lors de la réservation, j'ai été débité deux fois",2,catherineperon,fr,"Bug lors de la réservation, j'ai été débité deux fois. Très mauvaise expérience.",https://example.org/trustpilot/TR-000084,application
google_play,GO-000089,2025-09-03,"Manque d'affichage des quais, confusion totale",2,bertrandbegue,fr,"Manque d'affichage des quais, confusion totale. Très déçu.",https://example.org/google_play/GO-000089,gare
google_play,GO-000130,2025-09-30,"Bonne appli, cherche et achète en quelques clics",5,icosta,fr,"Bonne appli, cherche et achète en quelques clics. Très bien.",https://example.org/google_play/GO-000130,application
google_play,GO-000116,2025-07-28,Remboursement refusé sans explication valable,2,dbazin,fr,Remboursement refusé sans explication valable. Je ne recommande pas.,https://example.org/google_play/GO-000116,remboursement
google_play,GO-000144,2025-08-20,"Application fluide, réservation rapide",4,couturierchristiane,fr,"Application fluide, réservation rapide. Satisfait.",https://example.org/google_play/GO-000144,application
google_play,GO-000038,2025-06-04,Personnel en gare sympathique,4,hugueslopez,fr,Personnel en gare sympathique. Merci !,https://example.org/google_play/GO-000038,gare
trustpilot,TR-000099,2025-11-11,Bon prix pour une réservation à l'avance,5,claire14,fr,Bon prix pour une réservation à l'avance. Top service.,https://example.org/trustpilot/TR-000099,prix
trustpilot,TR-000075,2025-08-16,"Application plante au paiement, obligé d'acheter au guichet",2,arthur31,fr,"Application plante au paiement, obligé d'acheter au guichet. Très déçu.",https://example.org/trustpilot/TR-000075,application
trustpilot,TR-000013,2025-10-29,"Nouvelle app moins pratique que l'ancienne, trop de notifications inut",1,clebrun,fr,"Nouvelle app moins pratique que l'ancienne, trop de notifications inutiles. Je ne recommande pas.",https://example.org/trustpilot/TR-000013,application
trustpilot,TR-000025,2025-06-02,"Pas mal, mais peut mieux faire",3,npasquier,fr,"Pas mal, mais peut mieux faire.",https://example.org/trustpilot/TR-000025,gare
google_play,GO-000122,2025-08-27,Agent à l'accueil très professionnel et efficace,5,laurence19,fr,Agent à l'accueil très professionnel et efficace. Merci !,https://example.org/google_play/GO-000122,service_client
google_play,GO-000173,2025-11-01,Agent à l'accueil très professionnel et efficace,5,xadam,fr,Agent à l'accueil très professionnel et efficace. Top service.,https://example.org/google_play/GO-000173,service_client
google_play,GO-000166,2025-06-08,Bon prix pour une réservation à l'avance,5,hmenard,fr,Bon prix pour une réservation à l'avance. Top service.,https://example.org/google_play/GO-000166,prix
trustpilot,TR-000069,2025-10-03,"Bug lors de la réservation, j'ai été débité deux fois",1,zoe47,fr,"Bug lors de la réservation, j'ai été débité deux fois. Je ne recommande pas.",https://example.org/trustpilot/TR-000069,application
trustpilot,TR-000032,2025-09-22,"Correct, mais quelques améliorations seraient appréciées",3,launaysophie,fr,"Correct, mais quelques améliorations seraient appréciées.",https://example.org/trustpilot/TR-000032,gare
trustpilot,TR-000120,2025-07-03,"Bonne appli, cherche et achète en quelques clics",4,xavier75,fr,"Bonne appli, cherche et achète en quelques clics. Satisfait.",https://example.org/trustpilot/TR-000120,application
trustpilot,TR-000062,2025-10-10,"Application plante au paiement, obligé d'acheter au guichet",1,garnierleon,fr,"Application plante au paiement, obligé d'acheter au guichet. Très déçu.",https://example.org/trustpilot/TR-000062,application
google_play,GO-000118,2025-05-24,"Remboursement reçu rapidement après annulation, merci",4,zbesson,fr,"Remboursement reçu rapidement après annulation, merci. Très bien.",https://example.org/google_play/GO-000118,remboursement
trustpilot,TR-000028,2025-09-12,"Impossible d'obtenir un remboursement après l'annulation, service clie",1,elodie36,fr,"Impossible d'obtenir un remboursement après l'annulation, service client injoignable. À éviter.",https://example.org/trustpilot/TR-000028,remboursement
google_play,GO-000024,2025-07-16,"Bonne appli, cherche et achète en quelques clics",4,qledoux,fr,"Bonne appli, cherche et achète en quelques clics. Top service.",https://example.org/google_play/GO-000024,application
google_play,GO-000012,2025-10-27,Le remboursement a été géré correctement,4,margueriteroger,fr,Le remboursement a été géré correctement. Top service.,https://example.org/google_play/GO-000012,remboursement
trustpilot,TR-000095,2025-08-19,"Manque d'affichage des quais, confusion totale",1,thibaut84,fr,"Manque d'affichage des quais, confusion totale. Je ne recommande pas.",https://example.org/trustpilot/TR-000095,gare
google_play,GO-000075,2025-08-18,"Annulation sans solution de repli, j'ai raté mon rendez-vous",1,david66,fr,"Annulation sans solution de repli, j'ai raté mon rendez-vous. Très mauvaise expérience.",https://example.org/google_play/GO-000075,retard
reddit,RE-000016,2025-10-21,"Demande de remboursement bloquée depuis des semaines, très décevant",2,constancede-sousa,fr,"Demande de remboursement bloquée depuis des semaines, très décevant. Je ne recommande pas.",https://example.org/reddit/RE-000016,remboursement
trustpilot,TR-000103,2025-10-22,"Retard mineur, le personnel a été réactif",4,emmanuelpires,fr,"Retard mineur, le personnel a été réactif. Top service.",https://example.org/trustpilot/TR-000103,retard
trustpilot,TR-000089,2025-08-02,Gare sale et pas de places assises pendant l'attente,2,louisleclercq,fr,Gare sale et pas de places assises pendant l'attente. Très mauvaise expérience.,https://example.org/trustpilot/TR-000089,gare
google_play,GO-000120,2025-10-15,Agent à l'accueil très professionnel et efficace,5,josephblanchard,fr,Agent à l'accueil très professionnel et efficace. Satisfait.,https://example.org/google_play/GO-000120,service_client
google_play,GO-000068,2025-09-15,Gare sale et pas de places assises pendant l'attente,1,lucasjacqueline,fr,Gare sale et pas de places assises pendant l'attente. Très mauvaise expérience.,https://example.org/google_play/GO-000068,gare
trustpilot,TR-000082,2025-06-25,Bon prix pour une réservation à l'avance,5,auguste58,fr,Bon prix pour une réservation à l'avance. Satisfait.,https://example.org/trustpilot/TR-000082,prix
google_play,GO-000064,2025-07-19,"Nouvelle app moins pratique que l'ancienne, trop de notifications inut",1,le-goffthomas,fr,"Nouvelle app moins pratique que l'ancienne, trop de notifications inutiles. Très mauvaise expérience.",https://example.org/google_play/GO-000064,application
google_play,GO-000101,2025-10-11,Le remboursement a été géré correctement,4,andreblot,fr,Le remboursement a été géré correctement. Très bien.,https://example.org/google_play/GO-000101,remboursement
trustpilot,TR-000081,2025-07-28,"Nouvelle app moins pratique que l'ancienne, trop de notifications inut",1,rogerleleu,fr,"Nouvelle app moins pratique que l'ancienne, trop de notifications inutiles. Je ne recommande pas.",https://example.org/trustpilot/TR-000081,application
trustpilot,TR-000037,2025-06-19,"Manque d'affichage des quais, confusion totale",1,amelierenaud,fr,"Manque d'affichage des quais, confusion totale. Je ne recommande pas.",https://example.org/trustpilot/TR-000037,gare
google_play,GO-000157,2025-07-17,"Pas mal, mais peut mieux faire",3,petitjeanastrid,fr,"Pas mal, mais peut mieux faire.",https://example.org/google_play/GO-000157,service_client
google_play,GO-000151,2025-08-17,"Bonne appli, cherche et achète en quelques clics",5,pauline33,fr,"Bonne appli, cherche et achète en quelques clics. Très bien.",https://example.org/google_play/GO-000151,application
trustpilot,TR-000053,2025-09-07,"Service client incompétent, attente interminable au téléphone",1,marcellerenault,fr,"Service client incompétent, attente interminable au téléphone. Très mauvaise expérience.",https://example.org/trustpilot/TR-000053,service_client
trustpilot,TR-000119,2025-08-14,"Application plante au paiement, obligé d'acheter au guichet",1,zpicard,fr,"Application plante au paiement, obligé d'acheter au guichet. Très mauvaise expérience.",https://example.org/trustpilot/TR-000119,application
google_play,GO-000004,2025-07-14,Bon prix pour une réservation à l'avance,5,gilbertpenelope,fr,Bon prix pour une réservation à l'avance. Satisfait.,https://example.org/google_play/GO-000004,prix
trustpilot,TR-000107,2025-05-30,Le remboursement a été géré correctement,4,thibautbuisson,fr,Le remboursement a été géré correctement. Très bien.,https://example.org/trustpilot/TR-000107,remboursement
trustpilot,TR-000113,2025-06-29,Remboursement refusé sans explication valable,1,charlesceline,fr,Remboursement refusé sans explication valable. Très déçu.,https://example.org/trustpilot/TR-000113,remboursement
google_play,GO-000162,2025-08-15,Bon prix pour une réservation à l'avance,5,chevaliercharlotte,fr,Bon prix pour une réservation à l'avance. Très bien.,https://example.org/google_play/GO-000162,prix
google_play,GO-000142,2025-07-23,"Retard mineur, le personnel a été réactif",5,diascelina,fr,"Retard mineur, le personnel a été réactif. Très bien.",https://example.org/google_play/GO-000142,retard
reddit,RE-000001,2025-08-18,Offre intéressante pour les jeunes,5,etienne57,fr,Offre intéressante pour les jeunes. Top service.,https://example.org/reddit/RE-000001,prix
trustpilot,TR-000019,2025-10-03,"Correct, mais quelques améliorations seraient appréciées",3,ppages,fr,"Correct, mais quelques améliorations seraient appréciées.",https://example.org/trustpilot/TR-000019,retard
trustpilot,TR-000117,2025-10-21,Service client a résolu mon problème rapidement,5,olivie91,fr,Service client a résolu mon problème rapidement. Satisfait.,https://example.org/trustpilot/TR-000117,service_client
trustpilot,TR-000077,2025-07-02,Remboursement refusé sans explication valable,1,margaudlanglois,fr,Remboursement refusé sans explication valable. Très mauvaise expérience.,https://example.org/trustpilot/TR-000077,remboursement
google_play,GO-000088,2025-06-26,Petit retard mais prise en charge correcte,5,bpruvost,fr,Petit retard mais prise en charge correcte. Merci !,https://example.org/google_play/GO-000088,retard
google_play,GO-000006,2025-09-24,"Bonne appli, cherche et achète en quelques clics",4,dgarcia,fr,"Bonne appli, cherche et achète en quelques clics. Très bien.",https://example.org/google_play/GO-000006,application
google_play,GO-000128,2025-10-21,"Application fluide, réservation rapide",5,antoinette97,fr,"Application fluide, réservation rapide. Top service.",https://example.org/google_play/GO-000128,application
google_play,GO-000035,2025-06-27,"Correct, mais quelques améliorations seraient appréciées",3,lemaitremichelle,fr,"Correct, mais quelques améliorations seraient appréciées.",https://example.org/google_play/GO-000035,remboursement
google_play,GO-000029,2025-06-16,Personnel en gare sympathique,5,morvanthibaut,fr,Personnel en gare sympathique. Satisfait.,https://example.org/google_play/GO-000029,gare
google_play,GO-000135,2025-07-23,Personnels peu aidants en gare,1,marcelleboulanger,fr,Personnels peu aidants en gare. À éviter.,https://example.org/google_play/GO-000135,service_client
trustpilot,TR-000016,2025-10-07,"Pas mal, mais peut mieux faire",3,wcollin,fr,"Pas mal, mais peut mieux faire.",https://example.org/trustpilot/TR-000016,gare
google_play,GO-000094,2025-10-15,"Retard mineur, le personnel a été réactif",5,hgaillard,fr,"Retard mineur, le personnel a été réactif. Satisfait.",https://example.org/google_play/GO-000094,retard
trustpilot,TR-000108,2025-06-06,"Impossible d'obtenir un remboursement après l'annulation, service clie",1,pierre18,fr,"Impossible d'obtenir un remboursement après l'annulation, service client injoignable. Je ne recommande pas.",https://example.org/trustpilot/TR-000108,remboursement
google_play,GO-000016,2025-06-09,Service client a résolu mon problème rapidement,4,mmarques,fr,Service client a résolu mon problème rapidement. Satisfait.,https://example.org/google_play/GO-000016,service_client
trustpilot,TR-000024,2025-07-06,"Tarifs trop élevés, promotions trompeuses",1,gilles13,fr,"Tarifs trop élevés, promotions trompeuses. À éviter.",https://example.org/trustpilot/TR-000024,prix
trustpilot,TR-000042,2025-06-28,"Remboursement reçu rapidement après annulation, merci",5,xpons,fr,"Remboursement reçu rapidement après annulation, merci. Très bien.",https://example.org/trustpilot/TR-000042,remboursement
trustpilot,TR-000015,2025-08-03,Personnels peu aidants en gare,2,blondelveronique,fr,Personnels peu aidants en gare. Je ne recommande pas.,https://example.org/trustpilot/TR-000015,service_client
trustpilot,TR-000022,2025-10-14,"Correct, mais quelques améliorations seraient appréciées",3,christianelevy,fr,"Correct, mais quelques améliorations seraient appréciées.",https://example.org/trustpilot/TR-000022,remboursement
google_play,GO-000053,2025-06-06,"Demande de remboursement bloquée depuis des semaines, très décevant",1,olivie44,fr,"Demande de remboursement bloquée depuis des semaines, très décevant. À éviter.",https://example.org/google_play/GO-000053,remboursement
trustpilot,TR-000088,2025-07-19,"Expérience moyenne, rien à signaler",3,xperrin,fr,"Expérience moyenne, rien à signaler.",https://example.org/trustpilot/TR-000088,service_client
google_play,GO-000171,2025-09-26,Service client a résolu mon problème rapidement,5,allainphilippine,fr,Service client a résolu mon problème rapidement. Très bien.,https://example.org/google_play/GO-000171,service_client
trustpilot,TR-000087,2025-09-11,"Train en retard, aucune information en gare, grosse perte de temps",1,veronique88,fr,"Train en retard, aucune information en gare, grosse perte de temps. Très déçu.",https://example.org/trustpilot/TR-000087,retard
reddit,RE-000009,2025-10-26,Personnels peu aidants en gare,1,alexandrieduhamel,fr,Personnels peu aidants en gare. Très déçu.,https://example.org/reddit/RE-000009,service_client
trustpilot,TR-000048,2025-08-29,Personnel en gare sympathique,5,benoit76,fr,Personnel en gare sympathique. Très bien.,https://example.org/trustpilot/TR-000048,gare
google_play,GO-000154,2025-11-01,"Retard mineur, le personnel a été réactif",5,roger65,fr,"Retard mineur, le personnel a été réactif. Très bien.",https://example.org/google_play/GO-000154,retard
google_play,GO-000170,2025-08-30,Bon prix pour une réservation à l'avance,5,petitlucas,fr,Bon prix pour une réservation à l'avance. Très bien.,https://example.org/google_play/GO-000170,prix
reddit,RE-000007,2025-10-29,"Correct, mais quelques améliorations seraient appréciées",3,otraore,fr,"Correct, mais quelques améliorations seraient appréciées.",https://example.org/reddit/RE-000007,application
google_play,GO-000021,2025-05-27,"Correct, mais quelques améliorations seraient appréciées",3,baillyalphonse,fr,"Correct, mais quelques améliorations seraient appréciées.",https://example.org/google_play/GO-000021,gare
trustpilot,TR-000101,2025-09-04,Gare sale et pas de places assises pendant l'attente,1,margaretgaillard,fr,Gare sale et pas de places assises pendant l'attente. Très mauvaise expérience.,https://example.org/trustpilot/TR-000101,gare
google_play,GO-000009,2025-09-03,Petit retard mais prise en charge correcte,5,chartierpatricia,fr,Petit retard mais prise en charge correcte. Merci !,https://example.org/google_play/GO-000009,retard
trustpilot,TR-000041,2025-08-01,"Expérience moyenne, rien à signaler",3,fernandeznath,fr,"Expérience moyenne, rien à signaler.",https://example.org/trustpilot/TR-000041,remboursement
google_play,GO-000026,2025-07-25,Offre intéressante pour les jeunes,4,dnavarro,fr,Offre intéressante pour les jeunes. Merci !,https://example.org/google_play/GO-000026,prix
google_play,GO-000172,2025-08-12,"Correct, mais quelques améliorations seraient appréciées",3,emmanuellemeyer,fr,"Correct, mais quelques améliorations seraient appréciées.",https://example.org/google_play/GO-000172,remboursement
google_play,GO-000058,2025-08-29,"Remboursement reçu rapidement après annulation, merci",4,thibaut48,fr,"Remboursement reçu rapidement après annulation, merci. Satisfait.",https://example.org/google_play/GO-000058,remboursement
trustpilot,TR-000116,2025-07-24,"Manque d'affichage des quais, confusion totale",2,sbouvier,fr,"Manque d'affichage des quais, confusion totale. Très mauvaise expérience.",https://example.org/trustpilot/TR-000116,gare
google_play,GO-000046,2025-08-19,Petit retard mais prise en charge correcte,5,ferreiraadele,fr,Petit retard mais prise en charge correcte. Top service.,https://example.org/google_play/GO-000046,retard
trustpilot,TR-000083,2025-06-17,"Bonne appli, cherche et achète en quelques clics",5,bretonmonique,fr,"Bonne appli, cherche et achète en quelques clics. Très bien.",https://example.org/trustpilot/TR-000083,application
trustpilot,TR-000085,2025-07-04,"Tarifs trop élevés, promotions trompeuses",1,foucherodette,fr,"Tarifs trop élevés, promotions trompeuses. Très déçu.",https://example.org/trustpilot/TR-000085,prix
google_play,GO-000036,2025-06-05,"Remboursement reçu rapidement après annulation, merci",5,paulphilippe,fr,"Remboursement reçu rapidement après annulation, merci. Satisfait.",https://example.org/google_play/GO-000036,remboursement
trustpilot,TR-000079,2025-05-27,"Tarifs trop élevés, promotions trompeuses",1,bazingilles,fr,"Tarifs trop élevés, promotions trompeuses. À éviter.",https://example.org/trustpilot/TR-000079,prix
google_play,GO-000146,2025-06-16,"Service client incompétent, attente interminable au téléphone",1,oribeiro,fr,"Service client incompétent, attente interminable au téléphone. À éviter.",https://example.org/google_play/GO-000146,service_client
trustpilot,TR-000064,2025-08-10,Remboursement refusé sans explication valable,1,matthieugimenez,fr,Remboursement refusé sans explication valable. Je ne recommande pas.,https://example.org/trustpilot/TR-000064,remboursement
trustpilot,TR-000029,2025-10-26,"Service client incompétent, attente interminable au téléphone",2,vincent44,fr,"Service client incompétent, attente interminable au téléphone. Très déçu.",https://example.org/trustpilot/TR-000029,service_client
google_play,GO-000138,2025-07-17,"Application fluide, réservation rapide",5,frederic93,fr,"Application fluide, réservation rapide. Merci !",https://example.org/google_play/GO-000138,application
google_play,GO-000102,2025-07-19,Personnel en gare sympathique,5,cmaillard,fr,Personnel en gare sympathique. Top service.,https://example.org/google_play/GO-000102,gare
reddit,RE-000019,2025-10-08,"Application fluide, réservation rapide",5,picardaudrey,fr,"Application fluide, réservation rapide. Merci !",https://example.org/reddit/RE-000019,application
trustpilot,TR-000094,2025-09-03,Personnel en gare sympathique,5,agnes18,fr,Personnel en gare sympathique. Top service.,https://example.org/trustpilot/TR-000094,gare
reddit,RE-000020,2025-07-16,"Tarifs trop élevés, promotions trompeuses",1,zcordier,fr,"Tarifs trop élevés, promotions trompeuses. À éviter.",https://example.org/reddit/RE-000020,prix
trustpilot,TR-000066,2025-05-26,"Demande de remboursement bloquée depuis des semaines, très décevant",1,georgesnoemi,fr,"Demande de remboursement bloquée depuis des semaines, très décevant. Je ne recommande pas.",https://example.org/trustpilot/TR-000066,remboursement
google_play,GO-000057,2025-05-19,"Remboursement reçu rapidement après annulation, merci",5,valettegerard,fr,"Remboursement reçu rapidement après annulation, merci. Top service.",https://example.org/google_play/GO-000057,remboursement
google_play,GO-000145,2025-05-28,Personnel en gare sympathique,5,guillonsusan,fr,Personnel en gare sympathique. Satisfait.,https://example.org/google_play/GO-000145,gare
google_play,GO-000119,2025-07-29,Offre intéressante pour les jeunes,5,honoremaillot,fr,Offre intéressante pour les jeunes. Top service.,https://example.org/google_play/GO-000119,prix
google_play,GO-000111,2025-08-10,"Correct, mais quelques améliorations seraient appréciées",3,eleonoreboucher,fr,"Correct, mais quelques améliorations seraient appréciées.",https://example.org/google_play/GO-000111,application
reddit,RE-000008,2025-11-05,"Manque d'affichage des quais, confusion totale",1,zlemonnier,fr,"Manque d'affichage des quais, confusion totale. À éviter.",https://example.org/reddit/RE-000008,gare
google_play,GO-000043,2025-10-26,Petit retard mais prise en charge correcte,5,petitamelie,fr,Petit retard mais prise en charge correcte. Très bien.,https://example.org/google_play/GO-000043,retard
trustpilot,TR-000065,2025-08-26,"Annulation sans solution de repli, j'ai raté mon rendez-vous",1,mariongeorges,fr,"Annulation sans solution de repli, j'ai raté mon rendez-vous. Je ne recommande pas.",https://example.org/trustpilot/TR-000065,retard
trustpilot,TR-000038,2025-10-19,"Annulation sans solution de repli, j'ai raté mon rendez-vous",1,boutinvalerie,fr,"Annulation sans solution de repli, j'ai raté mon rendez-vous. Très mauvaise expérience.",https://example.org/trustpilot/TR-000038,retard
google_play,GO-000175,2025-11-01,Gare propre et bien indiquée,5,achauvin,fr,Gare propre et bien indiquée. Satisfait.,https://example.org/google_play/GO-000175,gare
google_play,GO-000090,2025-06-01,Le remboursement a été géré correctement,5,npoulain,fr,Le remboursement a été géré correctement. Merci !,https://example.org/google_play/GO-000090,remboursement
google_play,GO-000091,2025-10-11,"Remboursement reçu rapidement après annulation, merci",5,manon10,fr,"Remboursement reçu rapidement après annulation, merci. Satisfait.",https://example.org/google_play/GO-000091,remboursement
google_play,GO-000150,2025-07-05,"Application fluide, réservation rapide",5,pierre39,fr,"Application fluide, réservation rapide. Merci !",https://example.org/google_play/GO-000150,application
google_play,GO-000126,2025-06-19,Bon prix pour une réservation à l'avance,5,jturpin,fr,Bon prix pour une réservation à l'avance. Satisfait.,https://example.org/google_play/GO-000126,prix
google_play,GO-000084,2025-08-10,"Retard mineur, le personnel a été réactif",5,llopez,fr,"Retard mineur, le personnel a été réactif. Top service.",https://example.org/google_play/GO-000084,retard
google_play,GO-000039,2025-06-24,"Retard mineur, le personnel a été réactif",4,ubarbe,fr,"Retard mineur, le personnel a été réactif. Satisfait.",https://example.org/google_play/GO-000039,retard
trustpilot,TR-000034,2025-06-15,"Demande de remboursement bloquée depuis des semaines, très décevant",1,le-goffvictoire,fr,"Demande de remboursement bloquée depuis des semaines, très décevant. Très déçu.",https://example.org/trustpilot/TR-000034,remboursement
trustpilot,TR-000045,2025-10-01,Gare sale et pas de places assises pendant l'attente,1,helenebodin,fr,Gare sale et pas de places assises pendant l'attente. Très déçu.,https://example.org/trustpilot/TR-000045,gare
reddit,RE-000014,2025-05-16,Agent à l'accueil très professionnel et efficace,5,qchauvet,fr,Agent à l'accueil très professionnel et efficace. Satisfait.,https://example.org/reddit/RE-000014,service_client
trustpilot,TR-000067,2025-10-02,Personnels peu aidants en gare,1,alphonsemorel,fr,Personnels peu aidants en gare. Je ne recommande pas.,https://example.org/trustpilot/TR-000067,service_client
google_play,GO-000163,2025-09-13,"Tarifs trop élevés, promotions trompeuses",1,huguesturpin,fr,"Tarifs trop élevés, promotions trompeuses. Très mauvaise expérience.",https://example.org/google_play/GO-000163,prix
