source,source_item_id,date,title,rating,author,language,text_snippet,url,topic_guess
synthetic_google_play_style,SYN-000001,2025-05-06,"Windows Defender a bloqué une menace, rassurant",4,edith65,fr,"Windows Defender a bloqué une menace, rassurant. J'attends une correction.",https://example.org/synthetic_google_play_style/1,security
synthetic_google_play_style,SYN-000002,2025-07-27,Problèmes de drivers avec certains modèles récents,1,gaudinpenelope,fr,Problèmes de drivers avec certains modèles récents. Cela dépend du matériel. Merci !,https://example.org/synthetic_google_play_style/2,compatibility
synthetic_google_play_style,SYN-000003,2025-10-09,Bonne compatibilité avec mes périphériques plus anciens,4,flebreton,fr,Bonne compatibilité avec mes périphériques plus anciens. Très utile.,https://example.org/synthetic_google_play_style/3,compatibility
synthetic_reddit_style,SYN-000004,2024-12-20,"Perte de FPS après la mise à jour, mauvaise surprise pour les joueurs",1,suzanneduhamel,fr,"Perte de FPS après la mise à jour, mauvaise surprise pour les joueurs.",https://example.org/synthetic_reddit_style/4,gaming
synthetic_reddit_style,SYN-000005,2025-09-17,"Pilotes graphiques à mettre à jour, quelques incompatibilités",3,perrotjacques,fr,"Pilotes graphiques à mettre à jour, quelques incompatibilités.",https://example.org/synthetic_reddit_style/5,compatibility
synthetic_google_play_style,SYN-000006,2025-02-03,Trop d'alertes de sécurité qui deviennent agaçantes,4,ncourtois,fr,Trop d'alertes de sécurité qui deviennent agaçantes. Utile au quotidien.,https://example.org/synthetic_google_play_style/6,security
synthetic_trustpilot_style,SYN-000007,2025-01-21,Les mises à jour sont désormais discrètes et stables,2,lgoncalves,fr,Les mises à jour sont désormais discrètes et stables. (sur mon PC portable),https://example.org/synthetic_trustpilot_style/7,updates
synthetic_trustpilot_style,SYN-000008,2025-10-06,"Design épuré, agréable à l'œil et facile à naviguer",5,bernardleconte,fr,"Design épuré, agréable à l'œil et facile à naviguer. À surveiller.",https://example.org/synthetic_trustpilot_style/8,interface
synthetic_google_play_style,SYN-000009,2025-05-27,Optimisation des drivers GPU nettement meilleure qu'avant,3,theophileweber,fr,Optimisation des drivers GPU nettement meilleure qu'avant. Très utile.,https://example.org/synthetic_google_play_style/9,gaming
synthetic_reddit_style,SYN-000010,2025-08-22,Optimisation des drivers GPU nettement meilleure qu'avant,4,thibault60,fr,Optimisation des drivers GPU nettement meilleure qu'avant. À surveiller.,https://example.org/synthetic_reddit_style/10,gaming
synthetic_reddit_style,SYN-000011,2025-08-29,Mode jeu améliore vraiment les performances lors des sessions intensives,3,wbrun,fr,Mode jeu améliore vraiment les performances lors des sessions intensives. Très satisfait.,https://example.org/synthetic_reddit_style/11,gaming
synthetic_google_play_style,SYN-000012,2024-12-28,"FAQ claire et utile, j'ai trouvé ma réponse rapidement",1,carpentierroger,fr,"FAQ claire et utile, j'ai trouvé ma réponse rapidement. Aucun souci.",https://example.org/synthetic_google_play_style/12,support
synthetic_reddit_style,SYN-000013,2025-05-21,Sécurité renforcée mais complexité accrue pour les options privées,2,duhamelcecile,fr,Sécurité renforcée mais complexité accrue pour les options privées. À améliorer.,https://example.org/synthetic_reddit_style/13,security
synthetic_reddit_style,SYN-000014,2025-04-18,Trop d'alertes de sécurité qui deviennent agaçantes,3,zacharie22,fr,Trop d'alertes de sécurité qui deviennent agaçantes. À surveiller.,https://example.org/synthetic_reddit_style/14,security
synthetic_google_play_style,SYN-000015,2025-01-23,"Support réactif et efficace, problème résolu rapidement",2,delormeremy,fr,"Support réactif et efficace, problème résolu rapidement. J'ai remarqué ça depuis plusieurs semaines. 🤔",https://example.org/synthetic_google_play_style/15,support
synthetic_reddit_style,SYN-000016,2025-09-01,"Perte de FPS après la mise à jour, mauvaise surprise pour les joueurs",1,sboulay,fr,"Perte de FPS après la mise à jour, mauvaise surprise pour les joueurs. (v1)",https://example.org/synthetic_reddit_style/16,gaming
synthetic_google_play_style,SYN-000017,2025-06-02,"Je trouve l'interface confuse, les paramètres sont dispersés",2,cmorvan,fr,"Je trouve l'interface confuse, les paramètres sont dispersés. Aucun souci.",https://example.org/synthetic_google_play_style/17,interface
synthetic_reddit_style,SYN-000018,2025-08-10,"FAQ claire et utile, j'ai trouvé ma réponse rapidement",4,pgoncalves,fr,"FAQ claire et utile, j'ai trouvé ma réponse rapidement. 🤔",https://example.org/synthetic_reddit_style/18,support
synthetic_trustpilot_style,SYN-000019,2024-12-02,Très bonnes performances en multitâche,4,lucasroland,fr,Très bonnes performances en multitâche. Utile au quotidien. Merci !,https://example.org/synthetic_trustpilot_style/19,performance
synthetic_trustpilot_style,SYN-000020,2025-03-14,Forum communautaire utile pour trouver des solutions,1,hrousseau,fr,Forum communautaire utile pour trouver des solutions. Cela dépend du matériel. À surveiller.,https://example.org/synthetic_trustpilot_style/20,support
synthetic_trustpilot_style,SYN-000021,2025-03-25,"MAJ automatique parfois intrusive, redémarrages inopinés",2,ffaure,fr,"MAJ automatique parfois intrusive, redémarrages inopinés. À améliorer.",https://example.org/synthetic_trustpilot_style/21,updates
synthetic_trustpilot_style,SYN-000022,2024-12-26,Certains fichiers légitimes sont parfois bloqués,1,honoreperrot,fr,Certains fichiers légitimes sont parfois bloqués. Vraiment déçu.,https://example.org/synthetic_trustpilot_style/22,security
synthetic_trustpilot_style,SYN-000023,2025-08-29,Les icônes sont plus lisibles et l'accès aux paramètres est amélioré,5,cfontaine,fr,Les icônes sont plus lisibles et l'accès aux paramètres est amélioré. Très satisfait.,https://example.org/synthetic_trustpilot_style/23,interface
synthetic_google_play_style,SYN-000024,2025-05-17,Mon imprimante n'est plus reconnue après la mise à jour,1,rteixeira,fr,Mon imprimante n'est plus reconnue après la mise à jour. Très satisfait.,https://example.org/synthetic_google_play_style/24,compatibility
synthetic_reddit_style,SYN-000025,2024-11-26,Optimisation des drivers GPU nettement meilleure qu'avant,5,didieralexandrie,fr,Optimisation des drivers GPU nettement meilleure qu'avant.,https://example.org/synthetic_reddit_style/25,gaming
synthetic_reddit_style,SYN-000026,2025-07-01,Sécurité renforcée mais complexité accrue pour les options privées,3,julien83,fr,Sécurité renforcée mais complexité accrue pour les options privées. 🤔,https://example.org/synthetic_reddit_style/26,security
synthetic_trustpilot_style,SYN-000027,2025-04-05,"Paramètres de confidentialité clairs, appréciable",4,nathalie94,fr,"Paramètres de confidentialité clairs, appréciable. Aucun souci.",https://example.org/synthetic_trustpilot_style/27,security
synthetic_google_play_style,SYN-000028,2025-03-23,"FAQ claire et utile, j'ai trouvé ma réponse rapidement",2,margot43,fr,"FAQ claire et utile, j'ai trouvé ma réponse rapidement. Vraiment déçu.",https://example.org/synthetic_google_play_style/28,support
synthetic_reddit_style,SYN-000029,2024-11-14,"Support réactif et efficace, problème résolu rapidement",2,adele27,fr,"Support réactif et efficace, problème résolu rapidement. À surveiller.",https://example.org/synthetic_reddit_style/29,support
synthetic_google_play_style,SYN-000030,2025-04-26,Certains fichiers légitimes sont parfois bloqués,2,wlopez,fr,Certains fichiers légitimes sont parfois bloqués. Utile au quotidien. Aucun souci.,https://example.org/synthetic_google_play_style/30,security
synthetic_trustpilot_style,SYN-000031,2025-09-22,Aucun souci avec mes logiciels professionnels,5,de-oliveiratheophile,fr,Aucun souci avec mes logiciels professionnels. Très satisfait.,https://example.org/synthetic_trustpilot_style/31,compatibility
synthetic_trustpilot_style,SYN-000032,2025-09-15,Certains fichiers légitimes sont parfois bloqués,3,ifontaine,fr,Certains fichiers légitimes sont parfois bloqués. Très satisfait.,https://example.org/synthetic_trustpilot_style/32,security
synthetic_google_play_style,SYN-000033,2025-09-07,"MAJ automatique parfois intrusive, redémarrages inopinés",2,francoisejacques,fr,"MAJ automatique parfois intrusive, redémarrages inopinés. À surveiller.",https://example.org/synthetic_google_play_style/33,updates
synthetic_google_play_style,SYN-000034,2024-12-02,Certains fichiers légitimes sont parfois bloqués,3,martindavid,fr,Certains fichiers légitimes sont parfois bloqués. Cela dépend du matériel. (sur mon PC portable),https://example.org/synthetic_google_play_style/34,security
synthetic_trustpilot_style,SYN-000035,2025-10-20,Bonne compatibilité avec mes périphériques plus anciens,4,xavierroussel,fr,Bonne compatibilité avec mes périphériques plus anciens. Vraiment déçu.,https://example.org/synthetic_trustpilot_style/35,compatibility
synthetic_trustpilot_style,SYN-000036,2025-10-24,"Le système est parfois lent au démarrage, mais correct ensuite",2,francoisetecher,fr,"Le système est parfois lent au démarrage, mais correct ensuite. Utile au quotidien. (sur mon PC portable)",https://example.org/synthetic_trustpilot_style/36,performance
synthetic_reddit_style,SYN-000037,2025-09-05,"Design épuré, agréable à l'œil et facile à naviguer",5,david72,fr,"Design épuré, agréable à l'œil et facile à naviguer. À surveiller. Edition test",https://example.org/synthetic_reddit_style/37,interface
synthetic_google_play_style,SYN-000038,2025-03-14,"Perte de FPS après la mise à jour, mauvaise surprise pour les joueurs",2,reneweiss,fr,"Perte de FPS après la mise à jour, mauvaise surprise pour les joueurs. J'ai remarqué ça depuis plusieurs semaines. (sur mon PC portable)",https://example.org/synthetic_google_play_style/38,gaming
synthetic_reddit_style,SYN-000039,2025-08-29,Mon imprimante n'est plus reconnue après la mise à jour,5,chantalollivier,fr,Mon imprimante n'est plus reconnue après la mise à jour. J'ai remarqué ça depuis plusieurs semaines. Merci !,https://example.org/synthetic_reddit_style/39,compatibility
synthetic_google_play_style,SYN-000040,2025-02-14,"Le système est parfois lent au démarrage, mais correct ensuite",1,bouvetjules,fr,"Le système est parfois lent au démarrage, mais correct ensuite. (sur mon PC portable)",https://example.org/synthetic_google_play_style/40,performance
synthetic_google_play_style,SYN-000041,2025-10-20,Trop d'alertes de sécurité qui deviennent agaçantes,3,margaret87,fr,Trop d'alertes de sécurité qui deviennent agaçantes. 🤔,https://example.org/synthetic_google_play_style/41,security
synthetic_trustpilot_style,SYN-000042,2025-06-12,"Windows Defender a bloqué une menace, rassurant",5,remyadele,fr,"Windows Defender a bloqué une menace, rassurant. J'attends une correction. Edition test",https://example.org/synthetic_trustpilot_style/42,security
synthetic_trustpilot_style,SYN-000043,2024-12-24,Le nouveau menu Démarrer est moderne et pratique,5,noelfischer,fr,Le nouveau menu Démarrer est moderne et pratique. À améliorer.,https://example.org/synthetic_trustpilot_style/43,interface
synthetic_reddit_style,SYN-000044,2025-07-26,"Depuis la dernière mise à jour, le système est plus réactif et stable",5,margot98,fr,"Depuis la dernière mise à jour, le système est plus réactif et stable. À améliorer.",https://example.org/synthetic_reddit_style/44,performance
synthetic_google_play_style,SYN-000045,2025-07-31,Certaines options sont cachées et difficiles à trouver,1,isaac90,fr,Certaines options sont cachées et difficiles à trouver. À améliorer.,https://example.org/synthetic_google_play_style/45,interface
synthetic_trustpilot_style,SYN-000046,2025-05-09,Optimisation des drivers GPU nettement meilleure qu'avant,5,anaismasson,fr,Optimisation des drivers GPU nettement meilleure qu'avant. Très satisfait.,https://example.org/synthetic_trustpilot_style/46,gaming
synthetic_trustpilot_style,SYN-000047,2025-05-29,"Design épuré, agréable à l'œil et facile à naviguer",5,odettecollin,fr,"Design épuré, agréable à l'œil et facile à naviguer. Merci !",https://example.org/synthetic_trustpilot_style/47,interface
synthetic_reddit_style,SYN-000048,2025-06-05,Optimisation des drivers GPU nettement meilleure qu'avant,5,rcourtois,fr,Optimisation des drivers GPU nettement meilleure qu'avant. (sur mon PC portable),https://example.org/synthetic_reddit_style/48,gaming
synthetic_trustpilot_style,SYN-000049,2025-08-14,"Perte de FPS après la mise à jour, mauvaise surprise pour les joueurs",1,ischmitt,fr,"Perte de FPS après la mise à jour, mauvaise surprise pour les joueurs. Vraiment déçu.",https://example.org/synthetic_trustpilot_style/49,gaming
synthetic_trustpilot_style,SYN-000050,2024-12-13,"Service client difficile à joindre, long délai d'attente",5,lfaivre,fr,"Service client difficile à joindre, long délai d'attente.",https://example.org/synthetic_trustpilot_style/50,support
synthetic_reddit_style,SYN-000051,2025-01-04,Les icônes sont plus lisibles et l'accès aux paramètres est amélioré,1,margotfaure,fr,Les icônes sont plus lisibles et l'accès aux paramètres est amélioré. J'attends une correction.,https://example.org/synthetic_reddit_style/51,interface
synthetic_trustpilot_style,SYN-000052,2025-09-12,"Support réactif et efficace, problème résolu rapidement",1,thibaultsauvage,fr,"Support réactif et efficace, problème résolu rapidement. Vraiment déçu.",https://example.org/synthetic_trustpilot_style/52,support
synthetic_trustpilot_style,SYN-000053,2025-11-03,"Après une update, j'ai dû réinstaller des drivers, galère",5,udavid,fr,"Après une update, j'ai dû réinstaller des drivers, galère. Très utile.",https://example.org/synthetic_trustpilot_style/53,updates
synthetic_reddit_style,SYN-000054,2024-12-08,"Support réactif et efficace, problème résolu rapidement",2,manonrolland,fr,"Support réactif et efficace, problème résolu rapidement. (sur mon PC portable)",https://example.org/synthetic_reddit_style/54,support
synthetic_reddit_style,SYN-000055,2025-10-07,Mode jeu améliore vraiment les performances lors des sessions intensives,3,rmeyer,fr,Mode jeu améliore vraiment les performances lors des sessions intensives. J'ai remarqué ça depuis plusieurs semaines. J'attends une correction.,https://example.org/synthetic_reddit_style/55,gaming
synthetic_reddit_style,SYN-000056,2024-11-12,Forum communautaire utile pour trouver des solutions,5,claude46,fr,Forum communautaire utile pour trouver des solutions. Vraiment déçu.,https://example.org/synthetic_reddit_style/56,support
synthetic_reddit_style,SYN-000057,2024-12-31,"Paramètres de confidentialité clairs, appréciable",1,martinezmargaret,fr,"Paramètres de confidentialité clairs, appréciable. Vraiment déçu.",https://example.org/synthetic_reddit_style/57,security
synthetic_reddit_style,SYN-000058,2025-02-19,"Support réactif et efficace, problème résolu rapidement",1,gerard61,fr,"Support réactif et efficace, problème résolu rapidement. Cela dépend du matériel. À améliorer.",https://example.org/synthetic_reddit_style/58,support
synthetic_trustpilot_style,SYN-000059,2025-02-23,Les mises à jour sont désormais discrètes et stables,5,laure24,fr,Les mises à jour sont désormais discrètes et stables. 🤔,https://example.org/synthetic_trustpilot_style/59,updates
synthetic_google_play_style,SYN-000060,2025-08-19,Mon imprimante n'est plus reconnue après la mise à jour,3,veroniquegrondin,fr,Mon imprimante n'est plus reconnue après la mise à jour. (sur mon PC portable),https://example.org/synthetic_google_play_style/60,compatibility
synthetic_google_play_style,SYN-000061,2025-09-07,Les icônes sont plus lisibles et l'accès aux paramètres est amélioré,2,elise47,fr,Les icônes sont plus lisibles et l'accès aux paramètres est amélioré. Merci !,https://example.org/synthetic_google_play_style/61,interface
synthetic_reddit_style,SYN-000062,2025-03-01,"FAQ claire et utile, j'ai trouvé ma réponse rapidement",5,sebastienmarion,fr,"FAQ claire et utile, j'ai trouvé ma réponse rapidement. Cela dépend du matériel. J'attends une correction.",https://example.org/synthetic_reddit_style/62,support
synthetic_trustpilot_style,SYN-000063,2025-01-11,"Design épuré, agréable à l'œil et facile à naviguer",5,mnoel,fr,"Design épuré, agréable à l'œil et facile à naviguer. Vraiment déçu.",https://example.org/synthetic_trustpilot_style/63,interface
synthetic_google_play_style,SYN-000064,2025-06-19,Sécurité renforcée mais complexité accrue pour les options privées,5,nicole64,fr,Sécurité renforcée mais complexité accrue pour les options privées. (sur mon PC portable),https://example.org/synthetic_google_play_style/64,security
synthetic_reddit_style,SYN-000065,2025-06-22,Trop d'alertes de sécurité qui deviennent agaçantes,5,garciaemile,fr,Trop d'alertes de sécurité qui deviennent agaçantes. 🤔 (v2),https://example.org/synthetic_reddit_style/65,security
synthetic_reddit_style,SYN-000066,2025-07-27,Consommation mémoire élevée quand plusieurs onglets sont ouverts,3,alex32,fr,Consommation mémoire élevée quand plusieurs onglets sont ouverts.,https://example.org/synthetic_reddit_style/66,performance
synthetic_trustpilot_style,SYN-000067,2025-06-11,Les patchs corrigent souvent des bugs mineurs rapidement,1,elisabethmarie,fr,Les patchs corrigent souvent des bugs mineurs rapidement.,https://example.org/synthetic_trustpilot_style/67,updates
synthetic_trustpilot_style,SYN-000068,2025-02-21,Mode jeu améliore vraiment les performances lors des sessions intensives,3,agathe40,fr,Mode jeu améliore vraiment les performances lors des sessions intensives. Aucun souci.,https://example.org/synthetic_trustpilot_style/68,gaming
synthetic_google_play_style,SYN-000069,2025-04-09,Trop d'alertes de sécurité qui deviennent agaçantes,3,hugueshamon,fr,Trop d'alertes de sécurité qui deviennent agaçantes. Très satisfait.,https://example.org/synthetic_google_play_style/69,security
synthetic_reddit_style,SYN-000070,2025-04-16,"FAQ claire et utile, j'ai trouvé ma réponse rapidement",1,laurent98,fr,"FAQ claire et utile, j'ai trouvé ma réponse rapidement. Très satisfait.",https://example.org/synthetic_reddit_style/70,support
synthetic_trustpilot_style,SYN-000071,2024-12-01,Sécurité renforcée mais complexité accrue pour les options privées,3,lguyot,fr,Sécurité renforcée mais complexité accrue pour les options privées. Cela dépend du matériel. 🤔,https://example.org/synthetic_trustpilot_style/71,security
synthetic_reddit_style,SYN-000072,2025-10-19,Très bonnes performances en multitâche,5,alixjoseph,fr,Très bonnes performances en multitâche. Merci !,https://example.org/synthetic_reddit_style/72,performance
synthetic_reddit_style,SYN-000073,2025-01-06,Aucun souci avec mes logiciels professionnels,5,yves45,fr,Aucun souci avec mes logiciels professionnels. Merci !,https://example.org/synthetic_reddit_style/73,compatibility
synthetic_google_play_style,SYN-000074,2025-02-05,Assistance peu satisfaisante pour les cas complexes,3,claire72,fr,Assistance peu satisfaisante pour les cas complexes. 🤔,https://example.org/synthetic_google_play_style/74,support
synthetic_reddit_style,SYN-000075,2025-10-23,"Après une update, j'ai dû réinstaller des drivers, galère",2,olivier75,fr,"Après une update, j'ai dû réinstaller des drivers, galère. J'ai remarqué ça depuis plusieurs semaines. J'attends une correction.",https://example.org/synthetic_reddit_style/75,updates
synthetic_trustpilot_style,SYN-000076,2025-05-17,Consommation mémoire élevée quand plusieurs onglets sont ouverts,5,patriciabonnin,fr,Consommation mémoire élevée quand plusieurs onglets sont ouverts. Cela dépend du matériel. Vraiment déçu.,https://example.org/synthetic_trustpilot_style/76,performance
synthetic_google_play_style,SYN-000077,2025-07-03,Stuttering occasionnel sur certains titres récents,1,agarnier,fr,Stuttering occasionnel sur certains titres récents. Merci !,https://example.org/synthetic_google_play_style/77,gaming
synthetic_trustpilot_style,SYN-000078,2025-08-06,Certaines options sont cachées et difficiles à trouver,2,gilles45,fr,Certaines options sont cachées et difficiles à trouver. Très satisfait.,https://example.org/synthetic_trustpilot_style/78,interface
synthetic_reddit_style,SYN-000079,2025-07-14,"Une mise à jour a provoqué un écran bleu, j'ai dû restaurer",1,michelle99,fr,"Une mise à jour a provoqué un écran bleu, j'ai dû restaurer. (sur mon PC portable)",https://example.org/synthetic_reddit_style/79,updates
synthetic_google_play_style,SYN-000080,2024-11-29,Optimisation des drivers GPU nettement meilleure qu'avant,1,mbazin,fr,Optimisation des drivers GPU nettement meilleure qu'avant. Cela dépend du matériel. Merci !,https://example.org/synthetic_google_play_style/80,gaming
synthetic_google_play_style,SYN-000081,2025-03-26,"Windows Defender a bloqué une menace, rassurant",4,ljacquet,fr,"Windows Defender a bloqué une menace, rassurant. À améliorer.",https://example.org/synthetic_google_play_style/81,security
synthetic_google_play_style,SYN-000082,2025-02-07,Les icônes sont plus lisibles et l'accès aux paramètres est amélioré,3,goncalvesmarcel,fr,Les icônes sont plus lisibles et l'accès aux paramètres est amélioré. À améliorer.,https://example.org/synthetic_google_play_style/82,interface
synthetic_google_play_style,SYN-000083,2025-06-09,"Windows Defender a bloqué une menace, rassurant",5,bretonnathalie,fr,"Windows Defender a bloqué une menace, rassurant. Cela dépend du matériel.",https://example.org/synthetic_google_play_style/83,security
synthetic_trustpilot_style,SYN-000084,2025-02-17,Forum communautaire utile pour trouver des solutions,4,mariannegosselin,fr,Forum communautaire utile pour trouver des solutions. Vraiment déçu. révision,https://example.org/synthetic_trustpilot_style/84,support
synthetic_reddit_style,SYN-000085,2025-05-21,"Excellente expérience gaming, faible latence et bon framerate",2,adele48,fr,"Excellente expérience gaming, faible latence et bon framerate. Merci !",https://example.org/synthetic_reddit_style/85,gaming
synthetic_trustpilot_style,SYN-000086,2025-03-03,"Paramètres de confidentialité clairs, appréciable",5,remyjulien,fr,"Paramètres de confidentialité clairs, appréciable. À améliorer.",https://example.org/synthetic_trustpilot_style/86,security
synthetic_google_play_style,SYN-000087,2025-03-14,Mode jeu améliore vraiment les performances lors des sessions intensives,3,henriette39,fr,Mode jeu améliore vraiment les performances lors des sessions intensives. Vraiment déçu.,https://example.org/synthetic_google_play_style/87,gaming
synthetic_trustpilot_style,SYN-000088,2025-10-11,Mode jeu améliore vraiment les performances lors des sessions intensives,4,emmanuelchauvet,fr,Mode jeu améliore vraiment les performances lors des sessions intensives. À améliorer.,https://example.org/synthetic_trustpilot_style/88,gaming
synthetic_reddit_style,SYN-000089,2025-09-15,Certaines options sont cachées et difficiles à trouver,1,lefevregabriel,fr,Certaines options sont cachées et difficiles à trouver. J'ai remarqué ça depuis plusieurs semaines. À améliorer.,https://example.org/synthetic_reddit_style/89,interface
synthetic_google_play_style,SYN-000090,2025-05-02,"Paramètres de confidentialité clairs, appréciable",4,rlambert,fr,"Paramètres de confidentialité clairs, appréciable. Utile au quotidien. À améliorer.",https://example.org/synthetic_google_play_style/90,security
synthetic_reddit_style,SYN-000091,2025-03-08,Mon imprimante n'est plus reconnue après la mise à jour,3,olivier90,fr,Mon imprimante n'est plus reconnue après la mise à jour. Cela dépend du matériel. 🤔,https://example.org/synthetic_reddit_style/91,compatibility
synthetic_google_play_style,SYN-000092,2025-07-26,Mode jeu améliore vraiment les performances lors des sessions intensives,3,colletmarc,fr,Mode jeu améliore vraiment les performances lors des sessions intensives. Cela dépend du matériel. Vraiment déçu.,https://example.org/synthetic_google_play_style/92,gaming
synthetic_google_play_style,SYN-000093,2025-01-07,Lag et freeze occasionnels lors de l'utilisation d'apps lourdes,2,perriermarc,fr,Lag et freeze occasionnels lors de l'utilisation d'apps lourdes. Vraiment déçu.,https://example.org/synthetic_google_play_style/93,performance
synthetic_trustpilot_style,SYN-000094,2025-05-06,"FAQ claire et utile, j'ai trouvé ma réponse rapidement",3,isabelle34,fr,"FAQ claire et utile, j'ai trouvé ma réponse rapidement. Très utile.",https://example.org/synthetic_trustpilot_style/94,support
synthetic_trustpilot_style,SYN-000095,2025-04-11,"Des ralentissements parfois, surtout après une longue session",2,lemoineanouk,fr,"Des ralentissements parfois, surtout après une longue session. Très utile.",https://example.org/synthetic_trustpilot_style/95,performance
synthetic_trustpilot_style,SYN-000096,2025-05-22,Les icônes sont plus lisibles et l'accès aux paramètres est amélioré,4,lorraine55,fr,Les icônes sont plus lisibles et l'accès aux paramètres est amélioré. Utile au quotidien. J'attends une correction.,https://example.org/synthetic_trustpilot_style/96,interface
synthetic_reddit_style,SYN-000097,2025-11-04,Les icônes sont plus lisibles et l'accès aux paramètres est amélioré,2,uimbert,fr,Les icônes sont plus lisibles et l'accès aux paramètres est amélioré. À surveiller.,https://example.org/synthetic_reddit_style/97,interface
synthetic_reddit_style,SYN-000098,2025-09-10,Assistance peu satisfaisante pour les cas complexes,1,laurencefaure,fr,Assistance peu satisfaisante pour les cas complexes. Utile au quotidien. À surveiller.,https://example.org/synthetic_reddit_style/98,support
synthetic_trustpilot_style,SYN-000099,2025-05-04,"Après une update, j'ai dû réinstaller des drivers, galère",3,dpaul,fr,"Après une update, j'ai dû réinstaller des drivers, galère. Aucun souci.",https://example.org/synthetic_trustpilot_style/99,updates
synthetic_trustpilot_style,SYN-000100,2024-12-15,Les mises à jour sont désormais discrètes et stables,5,couturiermichele,fr,Les mises à jour sont désormais discrètes et stables. À améliorer.,https://example.org/synthetic_trustpilot_style/100,updates
synthetic_google_play_style,SYN-000101,2025-11-11,Stuttering occasionnel sur certains titres récents,3,georgesmargaret,fr,Stuttering occasionnel sur certains titres récents. Aucun souci.,https://example.org/synthetic_google_play_style/101,gaming
synthetic_google_play_style,SYN-000102,2025-10-25,Le nouveau menu Démarrer est moderne et pratique,3,mfabre,fr,Le nouveau menu Démarrer est moderne et pratique. Très satisfait.,https://example.org/synthetic_google_play_style/102,interface
synthetic_reddit_style,SYN-000103,2025-10-19,Les patchs corrigent souvent des bugs mineurs rapidement,1,clementchantal,fr,Les patchs corrigent souvent des bugs mineurs rapidement. (sur mon PC portable),https://example.org/synthetic_reddit_style/103,updates
synthetic_google_play_style,SYN-000104,2025-09-04,Problèmes de drivers avec certains modèles récents,1,cecilecoste,fr,Problèmes de drivers avec certains modèles récents. J'ai remarqué ça depuis plusieurs semaines. J'attends une correction.,https://example.org/synthetic_google_play_style/104,compatibility
synthetic_trustpilot_style,SYN-000105,2025-08-31,"Depuis la dernière mise à jour, le système est plus réactif et stable",4,glemaitre,fr,"Depuis la dernière mise à jour, le système est plus réactif et stable. Merci !",https://example.org/synthetic_trustpilot_style/105,performance
synthetic_google_play_style,SYN-000106,2025-04-13,Bonne compatibilité avec mes périphériques plus anciens,5,peronguy,fr,Bonne compatibilité avec mes périphériques plus anciens. J'ai remarqué ça depuis plusieurs semaines. (sur mon PC portable),https://example.org/synthetic_google_play_style/106,compatibility
synthetic_google_play_style,SYN-000107,2025-01-30,"Support réactif et efficace, problème résolu rapidement",1,edith90,fr,"Support réactif et efficace, problème résolu rapidement. Merci !",https://example.org/synthetic_google_play_style/107,support
synthetic_google_play_style,SYN-000108,2025-02-16,Sécurité renforcée mais complexité accrue pour les options privées,5,emmanuelcaron,fr,Sécurité renforcée mais complexité accrue pour les options privées. J'ai remarqué ça depuis plusieurs semaines. Merci !,https://example.org/synthetic_google_play_style/108,security
synthetic_google_play_style,SYN-000109,2025-05-06,"Windows Defender a bloqué une menace, rassurant",5,veronique06,fr,"Windows Defender a bloqué une menace, rassurant. Utile au quotidien. Merci !",https://example.org/synthetic_google_play_style/109,security
synthetic_trustpilot_style,SYN-000110,2025-10-27,Les icônes sont plus lisibles et l'accès aux paramètres est amélioré,1,lemonnierlaetitia,fr,Les icônes sont plus lisibles et l'accès aux paramètres est amélioré. Très utile.,https://example.org/synthetic_trustpilot_style/110,interface
synthetic_reddit_style,SYN-000111,2025-03-14,"Perte de FPS après la mise à jour, mauvaise surprise pour les joueurs",2,fleuryaurelie,fr,"Perte de FPS après la mise à jour, mauvaise surprise pour les joueurs. À améliorer.",https://example.org/synthetic_reddit_style/111,gaming
synthetic_trustpilot_style,SYN-000112,2024-12-12,"Pilotes graphiques à mettre à jour, quelques incompatibilités",3,alexandreandre,fr,"Pilotes graphiques à mettre à jour, quelques incompatibilités. J'ai remarqué ça depuis plusieurs semaines. Aucun souci.",https://example.org/synthetic_trustpilot_style/112,compatibility
synthetic_trustpilot_style,SYN-000113,2025-09-21,"FAQ claire et utile, j'ai trouvé ma réponse rapidement",3,valentine93,fr,"FAQ claire et utile, j'ai trouvé ma réponse rapidement. Cela dépend du matériel. Très satisfait.",https://example.org/synthetic_trustpilot_style/113,support
synthetic_reddit_style,SYN-000114,2025-05-24,Les icônes sont plus lisibles et l'accès aux paramètres est amélioré,4,monique15,fr,Les icônes sont plus lisibles et l'accès aux paramètres est amélioré. 🤔,https://example.org/synthetic_reddit_style/114,interface
synthetic_trustpilot_style,SYN-000115,2025-03-06,Très bonnes performances en multitâche,5,aimee05,fr,Très bonnes performances en multitâche. Utile au quotidien. À surveiller.,https://example.org/synthetic_trustpilot_style/115,performance
synthetic_reddit_style,SYN-000116,2025-06-19,"Après une update, j'ai dû réinstaller des drivers, galère",1,marcelaubry,fr,"Après une update, j'ai dû réinstaller des drivers, galère. 🤔",https://example.org/synthetic_reddit_style/116,updates
synthetic_trustpilot_style,SYN-000117,2025-04-24,Le nouveau menu Démarrer est moderne et pratique,5,alexandriecharpentier,fr,Le nouveau menu Démarrer est moderne et pratique. J'ai remarqué ça depuis plusieurs semaines. Très utile.,https://example.org/synthetic_trustpilot_style/117,interface
synthetic_trustpilot_style,SYN-000118,2024-12-21,"Service client difficile à joindre, long délai d'attente",5,anoukbertrand,fr,"Service client difficile à joindre, long délai d'attente. J'ai remarqué ça depuis plusieurs semaines. Très utile.",https://example.org/synthetic_trustpilot_style/118,support
synthetic_google_play_style,SYN-000119,2025-08-06,"Une mise à jour a provoqué un écran bleu, j'ai dû restaurer",2,diaspatrick,fr,"Une mise à jour a provoqué un écran bleu, j'ai dû restaurer. 🤔",https://example.org/synthetic_google_play_style/119,updates
synthetic_google_play_style,SYN-000120,2025-02-14,Certaines options sont cachées et difficiles à trouver,3,daubert,fr,Certaines options sont cachées et difficiles à trouver. À surveiller.,https://example.org/synthetic_google_play_style/120,interface
synthetic_google_play_style,SYN-000121,2025-07-02,Certaines options sont cachées et difficiles à trouver,4,xallain,fr,Certaines options sont cachées et difficiles à trouver. Cela dépend du matériel. À améliorer.,https://example.org/synthetic_google_play_style/121,interface
synthetic_trustpilot_style,SYN-000122,2025-05-27,Stuttering occasionnel sur certains titres récents,1,josephine19,fr,Stuttering occasionnel sur certains titres récents. J'ai remarqué ça depuis plusieurs semaines. (sur mon PC portable),https://example.org/synthetic_trustpilot_style/122,gaming
synthetic_google_play_style,SYN-000123,2025-08-04,Optimisation des drivers GPU nettement meilleure qu'avant,3,antoinealain,fr,Optimisation des drivers GPU nettement meilleure qu'avant. (sur mon PC portable) Edition test,https://example.org/synthetic_google_play_style/123,gaming
synthetic_google_play_style,SYN-000124,2025-05-10,Stuttering occasionnel sur certains titres récents,1,gerardbrunet,fr,Stuttering occasionnel sur certains titres récents. À améliorer.,https://example.org/synthetic_google_play_style/124,gaming
synthetic_google_play_style,SYN-000125,2025-06-23,Certaines options sont cachées et difficiles à trouver,5,bertinnicolas,fr,Certaines options sont cachées et difficiles à trouver. (sur mon PC portable),https://example.org/synthetic_google_play_style/125,interface
synthetic_google_play_style,SYN-000126,2025-10-27,"Je trouve l'interface confuse, les paramètres sont dispersés",5,margot86,fr,"Je trouve l'interface confuse, les paramètres sont dispersés. Utile au quotidien. (sur mon PC portable)",https://example.org/synthetic_google_play_style/126,interface
synthetic_trustpilot_style,SYN-000127,2025-06-28,Mon imprimante n'est plus reconnue après la mise à jour,2,andre46,fr,Mon imprimante n'est plus reconnue après la mise à jour. 🤔,https://example.org/synthetic_trustpilot_style/127,compatibility
synthetic_reddit_style,SYN-000128,2025-10-05,"Design épuré, agréable à l'œil et facile à naviguer",4,kmarie,fr,"Design épuré, agréable à l'œil et facile à naviguer. Cela dépend du matériel. Très satisfait.",https://example.org/synthetic_reddit_style/128,interface
synthetic_trustpilot_style,SYN-000129,2024-12-28,"Support réactif et efficace, problème résolu rapidement",1,philippine38,fr,"Support réactif et efficace, problème résolu rapidement. 🤔",https://example.org/synthetic_trustpilot_style/129,support
synthetic_trustpilot_style,SYN-000130,2024-12-28,Le nouveau menu Démarrer est moderne et pratique,3,nathalie49,fr,Le nouveau menu Démarrer est moderne et pratique. J'ai remarqué ça depuis plusieurs semaines. 🤔,https://example.org/synthetic_trustpilot_style/130,interface
synthetic_trustpilot_style,SYN-000131,2025-10-27,"Excellente expérience gaming, faible latence et bon framerate",2,lesageines,fr,"Excellente expérience gaming, faible latence et bon framerate. Très utile.",https://example.org/synthetic_trustpilot_style/131,gaming
synthetic_reddit_style,SYN-000132,2025-01-24,"Excellente expérience gaming, faible latence et bon framerate",1,dguyon,fr,"Excellente expérience gaming, faible latence et bon framerate. Merci ! révision",https://example.org/synthetic_reddit_style/132,gaming
synthetic_trustpilot_style,SYN-000133,2024-11-22,Consommation mémoire élevée quand plusieurs onglets sont ouverts,2,etiennedelorme,fr,Consommation mémoire élevée quand plusieurs onglets sont ouverts. (sur mon PC portable),https://example.org/synthetic_trustpilot_style/133,performance
synthetic_trustpilot_style,SYN-000134,2025-08-16,Sécurité renforcée mais complexité accrue pour les options privées,4,julienmaurice,fr,Sécurité renforcée mais complexité accrue pour les options privées. Utile au quotidien.,https://example.org/synthetic_trustpilot_style/134,security
synthetic_trustpilot_style,SYN-000135,2025-03-25,"Depuis la dernière mise à jour, le système est plus réactif et stable",5,luc45,fr,"Depuis la dernière mise à jour, le système est plus réactif et stable. Utile au quotidien. (sur mon PC portable)",https://example.org/synthetic_trustpilot_style/135,performance
synthetic_trustpilot_style,SYN-000136,2025-01-12,Certains fichiers légitimes sont parfois bloqués,3,fernandesmargot,fr,Certains fichiers légitimes sont parfois bloqués. Très utile.,https://example.org/synthetic_trustpilot_style/136,security
synthetic_trustpilot_style,SYN-000137,2025-08-19,Problèmes de drivers avec certains modèles récents,2,ameliedupuy,fr,Problèmes de drivers avec certains modèles récents. J'ai remarqué ça depuis plusieurs semaines. À améliorer.,https://example.org/synthetic_trustpilot_style/137,compatibility
synthetic_google_play_style,SYN-000138,2025-10-15,"Une mise à jour a provoqué un écran bleu, j'ai dû restaurer",1,adrienne95,fr,"Une mise à jour a provoqué un écran bleu, j'ai dû restaurer. Vraiment déçu.",https://example.org/synthetic_google_play_style/138,updates
synthetic_reddit_style,SYN-000139,2025-01-12,Sécurité renforcée mais complexité accrue pour les options privées,4,zacharie80,fr,Sécurité renforcée mais complexité accrue pour les options privées.,https://example.org/synthetic_reddit_style/139,security
synthetic_reddit_style,SYN-000140,2025-03-02,"Perte de FPS après la mise à jour, mauvaise surprise pour les joueurs",2,alfredlefebvre,fr,"Perte de FPS après la mise à jour, mauvaise surprise pour les joueurs. (sur mon PC portable)",https://example.org/synthetic_reddit_style/140,gaming
synthetic_trustpilot_style,SYN-000141,2025-09-14,Mode jeu améliore vraiment les performances lors des sessions intensives,3,gabriel85,fr,Mode jeu améliore vraiment les performances lors des sessions intensives. Cela dépend du matériel. 🤔,https://example.org/synthetic_trustpilot_style/141,gaming
synthetic_reddit_style,SYN-000142,2024-12-03,"Une mise à jour a provoqué un écran bleu, j'ai dû restaurer",2,clemence95,fr,"Une mise à jour a provoqué un écran bleu, j'ai dû restaurer. Utile au quotidien. Merci !",https://example.org/synthetic_reddit_style/142,updates
synthetic_google_play_style,SYN-000143,2025-02-05,"FAQ claire et utile, j'ai trouvé ma réponse rapidement",1,etienne74,fr,"FAQ claire et utile, j'ai trouvé ma réponse rapidement. Utile au quotidien. Vraiment déçu.",https://example.org/synthetic_google_play_style/143,support
synthetic_reddit_style,SYN-000144,2025-10-13,"Paramètres de confidentialité clairs, appréciable",3,emmanuelle04,fr,"Paramètres de confidentialité clairs, appréciable. Très satisfait.",https://example.org/synthetic_reddit_style/144,security
synthetic_reddit_style,SYN-000145,2025-01-15,Problèmes de drivers avec certains modèles récents,1,corinnegillet,fr,Problèmes de drivers avec certains modèles récents. Très satisfait.,https://example.org/synthetic_reddit_style/145,compatibility
synthetic_trustpilot_style,SYN-000146,2025-11-10,Les patchs corrigent souvent des bugs mineurs rapidement,1,gregoireregnier,fr,Les patchs corrigent souvent des bugs mineurs rapidement. J'attends une correction.,https://example.org/synthetic_trustpilot_style/146,updates
synthetic_reddit_style,SYN-000147,2024-12-06,Stuttering occasionnel sur certains titres récents,2,colashenri,fr,Stuttering occasionnel sur certains titres récents. (sur mon PC portable),https://example.org/synthetic_reddit_style/147,gaming
synthetic_reddit_style,SYN-000148,2025-03-17,"Paramètres de confidentialité clairs, appréciable",2,rogeraubert,fr,"Paramètres de confidentialité clairs, appréciable. Merci !",https://example.org/synthetic_reddit_style/148,security
synthetic_google_play_style,SYN-000149,2025-10-31,Mode jeu améliore vraiment les performances lors des sessions intensives,2,gillespetit,fr,Mode jeu améliore vraiment les performances lors des sessions intensives. 🤔,https://example.org/synthetic_google_play_style/149,gaming
synthetic_trustpilot_style,SYN-000150,2025-02-12,Certains fichiers légitimes sont parfois bloqués,1,pguillaume,fr,Certains fichiers légitimes sont parfois bloqués. Cela dépend du matériel. Aucun souci.,https://example.org/synthetic_trustpilot_style/150,security
synthetic_google_play_style,SYN-000151,2025-04-19,Certains fichiers légitimes sont parfois bloqués,1,francois31,fr,Certains fichiers légitimes sont parfois bloqués.,https://example.org/synthetic_google_play_style/151,security
synthetic_google_play_style,SYN-000152,2025-11-03,"Design épuré, agréable à l'œil et facile à naviguer",4,madeleinepottier,fr,"Design épuré, agréable à l'œil et facile à naviguer. 🤔",https://example.org/synthetic_google_play_style/152,interface
synthetic_trustpilot_style,SYN-000153,2024-11-29,Problèmes de drivers avec certains modèles récents,2,mdelahaye,fr,Problèmes de drivers avec certains modèles récents. Vraiment déçu.,https://example.org/synthetic_trustpilot_style/153,compatibility
synthetic_google_play_style,SYN-000154,2025-06-30,"Design épuré, agréable à l'œil et facile à naviguer",4,timothee10,fr,"Design épuré, agréable à l'œil et facile à naviguer. J'attends une correction.",https://example.org/synthetic_google_play_style/154,interface
synthetic_google_play_style,SYN-000155,2025-10-06,Les icônes sont plus lisibles et l'accès aux paramètres est amélioré,2,mjoly,fr,Les icônes sont plus lisibles et l'accès aux paramètres est amélioré. J'ai remarqué ça depuis plusieurs semaines. Très utile.,https://example.org/synthetic_google_play_style/155,interface
synthetic_google_play_style,SYN-000156,2025-01-14,Les patchs corrigent souvent des bugs mineurs rapidement,1,patricia21,fr,Les patchs corrigent souvent des bugs mineurs rapidement. J'attends une correction. Edition test,https://example.org/synthetic_google_play_style/156,updates
synthetic_reddit_style,SYN-000157,2025-05-28,Très bonnes performances en multitâche,5,aliceleleu,fr,Très bonnes performances en multitâche. À surveiller.,https://example.org/synthetic_reddit_style/157,performance
synthetic_reddit_style,SYN-000158,2025-04-25,"Windows Defender a bloqué une menace, rassurant",5,nathgilles,fr,"Windows Defender a bloqué une menace, rassurant. Vraiment déçu.",https://example.org/synthetic_reddit_style/158,security
synthetic_reddit_style,SYN-000159,2025-10-30,Certains fichiers légitimes sont parfois bloqués,2,lemaitreclemence,fr,Certains fichiers légitimes sont parfois bloqués. Aucun souci.,https://example.org/synthetic_reddit_style/159,security
synthetic_google_play_style,SYN-000160,2025-01-05,Très bonnes performances en multitâche,5,victor66,fr,Très bonnes performances en multitâche. (sur mon PC portable),https://example.org/synthetic_google_play_style/160,performance
synthetic_reddit_style,SYN-000161,2025-10-27,Lag et freeze occasionnels lors de l'utilisation d'apps lourdes,1,sabine45,fr,Lag et freeze occasionnels lors de l'utilisation d'apps lourdes. 🤔,https://example.org/synthetic_reddit_style/161,performance
synthetic_google_play_style,SYN-000162,2025-01-02,"Le système est parfois lent au démarrage, mais correct ensuite",1,tlaurent,fr,"Le système est parfois lent au démarrage, mais correct ensuite. J'ai remarqué ça depuis plusieurs semaines. Très satisfait.",https://example.org/synthetic_google_play_style/162,performance
synthetic_trustpilot_style,SYN-000163,2025-10-30,"Je trouve l'interface confuse, les paramètres sont dispersés",3,reneeguyon,fr,"Je trouve l'interface confuse, les paramètres sont dispersés. Vraiment déçu.",https://example.org/synthetic_trustpilot_style/163,interface
synthetic_reddit_style,SYN-000164,2025-09-24,"Paramètres de confidentialité clairs, appréciable",1,maryseclement,fr,"Paramètres de confidentialité clairs, appréciable. Très satisfait. (v2)",https://example.org/synthetic_reddit_style/164,security
synthetic_google_play_style,SYN-000165,2024-11-28,Les patchs corrigent souvent des bugs mineurs rapidement,1,henri85,fr,Les patchs corrigent souvent des bugs mineurs rapidement. Cela dépend du matériel. Très utile.,https://example.org/synthetic_google_play_style/165,updates
synthetic_reddit_style,SYN-000166,2024-11-19,"Une mise à jour a provoqué un écran bleu, j'ai dû restaurer",2,therese77,fr,"Une mise à jour a provoqué un écran bleu, j'ai dû restaurer. Merci !",https://example.org/synthetic_reddit_style/166,updates
synthetic_reddit_style,SYN-000167,2025-06-20,Mode jeu améliore vraiment les performances lors des sessions intensives,3,rouxphilippe,fr,Mode jeu améliore vraiment les performances lors des sessions intensives. Très utile.,https://example.org/synthetic_reddit_style/167,gaming
synthetic_google_play_style,SYN-000168,2025-05-25,Stuttering occasionnel sur certains titres récents,5,louisesauvage,fr,Stuttering occasionnel sur certains titres récents. J'attends une correction.,https://example.org/synthetic_google_play_style/168,gaming
synthetic_trustpilot_style,SYN-000169,2025-07-23,"Je trouve l'interface confuse, les paramètres sont dispersés",1,rolandbonneau,fr,"Je trouve l'interface confuse, les paramètres sont dispersés. À surveiller.",https://example.org/synthetic_trustpilot_style/169,interface
synthetic_reddit_style,SYN-000170,2025-02-18,Les mises à jour sont désormais discrètes et stables,3,morenotristan,fr,Les mises à jour sont désormais discrètes et stables. J'ai remarqué ça depuis plusieurs semaines. À surveiller.,https://example.org/synthetic_reddit_style/170,updates
synthetic_google_play_style,SYN-000171,2025-03-09,"Paramètres de confidentialité clairs, appréciable",5,aimee68,fr,"Paramètres de confidentialité clairs, appréciable. Utile au quotidien. À surveiller.",https://example.org/synthetic_google_play_style/171,security
synthetic_trustpilot_style,SYN-000172,2025-04-20,Les patchs corrigent souvent des bugs mineurs rapidement,2,michelecarpentier,fr,Les patchs corrigent souvent des bugs mineurs rapidement. Merci !,https://example.org/synthetic_trustpilot_style/172,updates
synthetic_reddit_style,SYN-000173,2025-07-06,"Pilotes graphiques à mettre à jour, quelques incompatibilités",5,renaultveronique,fr,"Pilotes graphiques à mettre à jour, quelques incompatibilités. Très satisfait.",https://example.org/synthetic_reddit_style/173,compatibility
synthetic_google_play_style,SYN-000174,2025-07-28,Les icônes sont plus lisibles et l'accès aux paramètres est amélioré,3,lucaslanglois,fr,Les icônes sont plus lisibles et l'accès aux paramètres est amélioré. Aucun souci.,https://example.org/synthetic_google_play_style/174,interface
synthetic_google_play_style,SYN-000175,2025-07-28,Très bonnes performances en multitâche,4,christineblondel,fr,Très bonnes performances en multitâche. Merci ! (v1),https://example.org/synthetic_google_play_style/175,performance
synthetic_reddit_style,SYN-000176,2025-01-29,Bonne compatibilité avec mes périphériques plus anciens,5,dhuet,fr,Bonne compatibilité avec mes périphériques plus anciens. Très utile. révision,https://example.org/synthetic_reddit_style/176,compatibility
synthetic_trustpilot_style,SYN-000177,2024-12-11,Stuttering occasionnel sur certains titres récents,3,louise98,fr,Stuttering occasionnel sur certains titres récents. À surveiller.,https://example.org/synthetic_trustpilot_style/177,gaming
synthetic_google_play_style,SYN-000178,2025-04-25,"FAQ claire et utile, j'ai trouvé ma réponse rapidement",5,pruvostzoe,fr,"FAQ claire et utile, j'ai trouvé ma réponse rapidement.",https://example.org/synthetic_google_play_style/178,support
synthetic_google_play_style,SYN-000179,2025-10-14,Problèmes de drivers avec certains modèles récents,1,jjacquot,fr,Problèmes de drivers avec certains modèles récents. Merci !,https://example.org/synthetic_google_play_style/179,compatibility
synthetic_trustpilot_style,SYN-000180,2025-03-29,Consommation mémoire élevée quand plusieurs onglets sont ouverts,1,ybruneau,fr,Consommation mémoire élevée quand plusieurs onglets sont ouverts. Cela dépend du matériel. Très utile.,https://example.org/synthetic_trustpilot_style/180,performance
synthetic_reddit_style,SYN-000181,2025-03-26,"Design épuré, agréable à l'œil et facile à naviguer",5,adriennegaillard,fr,"Design épuré, agréable à l'œil et facile à naviguer. Utile au quotidien. Très utile.",https://example.org/synthetic_reddit_style/181,interface
synthetic_trustpilot_style,SYN-000182,2024-12-27,Aucun souci avec mes logiciels professionnels,5,olegrand,fr,Aucun souci avec mes logiciels professionnels. Cela dépend du matériel. À améliorer.,https://example.org/synthetic_trustpilot_style/182,compatibility
synthetic_reddit_style,SYN-000183,2025-09-17,Les icônes sont plus lisibles et l'accès aux paramètres est amélioré,1,thierry24,fr,Les icônes sont plus lisibles et l'accès aux paramètres est amélioré. Utile au quotidien. (sur mon PC portable),https://example.org/synthetic_reddit_style/183,interface
synthetic_trustpilot_style,SYN-000184,2025-02-28,Forum communautaire utile pour trouver des solutions,5,lgiraud,fr,Forum communautaire utile pour trouver des solutions. Merci !,https://example.org/synthetic_trustpilot_style/184,support
synthetic_reddit_style,SYN-000185,2025-01-13,Mon imprimante n'est plus reconnue après la mise à jour,5,le-gallmarthe,fr,Mon imprimante n'est plus reconnue après la mise à jour. Vraiment déçu.,https://example.org/synthetic_reddit_style/185,compatibility
synthetic_google_play_style,SYN-000186,2025-03-10,"Une mise à jour a provoqué un écran bleu, j'ai dû restaurer",2,jbenoit,fr,"Une mise à jour a provoqué un écran bleu, j'ai dû restaurer. (sur mon PC portable) révision",https://example.org/synthetic_google_play_style/186,updates
synthetic_trustpilot_style,SYN-000187,2025-07-14,"Paramètres de confidentialité clairs, appréciable",3,philippe65,fr,"Paramètres de confidentialité clairs, appréciable. J'attends une correction.",https://example.org/synthetic_trustpilot_style/187,security
synthetic_google_play_style,SYN-000188,2025-01-31,"Support réactif et efficace, problème résolu rapidement",2,laurentmorin,fr,"Support réactif et efficace, problème résolu rapidement. Très utile.",https://example.org/synthetic_google_play_style/188,support
synthetic_trustpilot_style,SYN-000189,2025-02-19,"Je trouve l'interface confuse, les paramètres sont dispersés",3,jacquesalves,fr,"Je trouve l'interface confuse, les paramètres sont dispersés. À surveiller. (v1)",https://example.org/synthetic_trustpilot_style/189,interface
synthetic_reddit_style,SYN-000190,2025-03-02,"Je trouve l'interface confuse, les paramètres sont dispersés",3,xleduc,fr,"Je trouve l'interface confuse, les paramètres sont dispersés. Vraiment déçu. (v2)",https://example.org/synthetic_reddit_style/190,interface
synthetic_trustpilot_style,SYN-000191,2025-03-20,Mon imprimante n'est plus reconnue après la mise à jour,5,pierretessier,fr,Mon imprimante n'est plus reconnue après la mise à jour. Cela dépend du matériel. (sur mon PC portable),https://example.org/synthetic_trustpilot_style/191,compatibility
synthetic_google_play_style,SYN-000192,2025-06-09,Très bonnes performances en multitâche,5,sbertin,fr,Très bonnes performances en multitâche. J'attends une correction.,https://example.org/synthetic_google_play_style/192,performance
synthetic_trustpilot_style,SYN-000193,2024-11-22,Consommation mémoire élevée quand plusieurs onglets sont ouverts,1,franckrodrigues,fr,Consommation mémoire élevée quand plusieurs onglets sont ouverts. 🤔,https://example.org/synthetic_trustpilot_style/193,performance
synthetic_trustpilot_style,SYN-000194,2025-03-20,Les icônes sont plus lisibles et l'accès aux paramètres est amélioré,3,bernardguillet,fr,Les icônes sont plus lisibles et l'accès aux paramètres est amélioré. (sur mon PC portable),https://example.org/synthetic_trustpilot_style/194,interface
synthetic_google_play_style,SYN-000195,2025-07-21,Le nouveau menu Démarrer est moderne et pratique,1,levequeedith,fr,Le nouveau menu Démarrer est moderne et pratique. Très utile.,https://example.org/synthetic_google_play_style/195,interface
synthetic_google_play_style,SYN-000196,2025-02-01,Problèmes de drivers avec certains modèles récents,2,wblanc,fr,Problèmes de drivers avec certains modèles récents. Cela dépend du matériel. Très satisfait.,https://example.org/synthetic_google_play_style/196,compatibility
synthetic_google_play_style,SYN-000197,2025-04-15,Certaines options sont cachées et difficiles à trouver,1,nicolasguillaume,fr,Certaines options sont cachées et difficiles à trouver. Très satisfait. (v1),https://example.org/synthetic_google_play_style/197,interface
synthetic_trustpilot_style,SYN-000198,2025-05-04,"Excellente expérience gaming, faible latence et bon framerate",1,celineaubert,fr,"Excellente expérience gaming, faible latence et bon framerate. Cela dépend du matériel. Aucun souci.",https://example.org/synthetic_trustpilot_style/198,gaming
synthetic_reddit_style,SYN-000199,2025-06-17,Sécurité renforcée mais complexité accrue pour les options privées,3,roberthortense,fr,Sécurité renforcée mais complexité accrue pour les options privées. Très utile.,https://example.org/synthetic_reddit_style/199,security
synthetic_google_play_style,SYN-000200,2025-01-01,Les mises à jour sont désormais discrètes et stables,1,adrien80,fr,Les mises à jour sont désormais discrètes et stables. Très utile.,https://example.org/synthetic_google_play_style/200,updates
synthetic_google_play_style,SYN-000201,2025-01-01,Certaines options sont cachées et difficiles à trouver,1,kmeyer,fr,Certaines options sont cachées et difficiles à trouver. Merci !,https://example.org/synthetic_google_play_style/201,interface
synthetic_google_play_style,SYN-000202,2025-02-10,Le nouveau menu Démarrer est moderne et pratique,3,thibault86,fr,Le nouveau menu Démarrer est moderne et pratique. (sur mon PC portable),https://example.org/synthetic_google_play_style/202,interface
synthetic_reddit_style,SYN-000203,2024-12-20,"Windows Defender a bloqué une menace, rassurant",5,lucasdurand,fr,"Windows Defender a bloqué une menace, rassurant. J'attends une correction. révision",https://example.org/synthetic_reddit_style/203,security
synthetic_reddit_style,SYN-000204,2025-04-12,"Excellente expérience gaming, faible latence et bon framerate",1,valettemanon,fr,"Excellente expérience gaming, faible latence et bon framerate.",https://example.org/synthetic_reddit_style/204,gaming
synthetic_trustpilot_style,SYN-000205,2025-07-28,Certaines options sont cachées et difficiles à trouver,3,luc05,fr,Certaines options sont cachées et difficiles à trouver. 🤔,https://example.org/synthetic_trustpilot_style/205,interface
synthetic_google_play_style,SYN-000206,2024-12-12,Le nouveau menu Démarrer est moderne et pratique,3,gperret,fr,Le nouveau menu Démarrer est moderne et pratique. Merci !,https://example.org/synthetic_google_play_style/206,interface
synthetic_reddit_style,SYN-000207,2024-12-19,Stuttering occasionnel sur certains titres récents,3,henriweber,fr,Stuttering occasionnel sur certains titres récents. (sur mon PC portable) (v1),https://example.org/synthetic_reddit_style/207,gaming
synthetic_reddit_style,SYN-000208,2025-05-26,"Pilotes graphiques à mettre à jour, quelques incompatibilités",1,reneeollivier,fr,"Pilotes graphiques à mettre à jour, quelques incompatibilités. Très utile.",https://example.org/synthetic_reddit_style/208,compatibility
synthetic_reddit_style,SYN-000209,2025-08-27,Optimisation des drivers GPU nettement meilleure qu'avant,4,genevieve11,fr,Optimisation des drivers GPU nettement meilleure qu'avant. Cela dépend du matériel. À améliorer.,https://example.org/synthetic_reddit_style/209,gaming
synthetic_trustpilot_style,SYN-000210,2025-07-09,Les patchs corrigent souvent des bugs mineurs rapidement,1,laure95,fr,Les patchs corrigent souvent des bugs mineurs rapidement. Utile au quotidien.,https://example.org/synthetic_trustpilot_style/210,updates
synthetic_google_play_style,SYN-000211,2025-09-06,Mon imprimante n'est plus reconnue après la mise à jour,3,vincentdanielle,fr,Mon imprimante n'est plus reconnue après la mise à jour. 🤔 (v1),https://example.org/synthetic_google_play_style/211,compatibility
synthetic_google_play_style,SYN-000212,2024-12-02,Aucun souci avec mes logiciels professionnels,5,celine86,fr,Aucun souci avec mes logiciels professionnels. (sur mon PC portable),https://example.org/synthetic_google_play_style/212,compatibility
synthetic_trustpilot_style,SYN-000213,2025-08-10,Aucun souci avec mes logiciels professionnels,5,osimon,fr,Aucun souci avec mes logiciels professionnels. (sur mon PC portable) Edition test,https://example.org/synthetic_trustpilot_style/213,compatibility
synthetic_reddit_style,SYN-000214,2025-06-18,"FAQ claire et utile, j'ai trouvé ma réponse rapidement",4,pchauveau,fr,"FAQ claire et utile, j'ai trouvé ma réponse rapidement. Cela dépend du matériel. Merci !",https://example.org/synthetic_reddit_style/214,support
synthetic_google_play_style,SYN-000215,2025-05-28,Windows démarre rapidement et reste fluide même avec plusieurs applications ouve,3,mpoulain,fr,Windows démarre rapidement et reste fluide même avec plusieurs applications ouvertes. Aucun souci.,https://example.org/synthetic_google_play_style/215,performance
synthetic_trustpilot_style,SYN-000216,2025-09-23,Sécurité renforcée mais complexité accrue pour les options privées,1,bleger,fr,Sécurité renforcée mais complexité accrue pour les options privées. révision,https://example.org/synthetic_trustpilot_style/216,security
synthetic_google_play_style,SYN-000217,2025-09-17,Lag et freeze occasionnels lors de l'utilisation d'apps lourdes,1,martin20,fr,Lag et freeze occasionnels lors de l'utilisation d'apps lourdes. J'ai remarqué ça depuis plusieurs semaines. 🤔,https://example.org/synthetic_google_play_style/217,performance
synthetic_reddit_style,SYN-000218,2025-10-04,"Après une update, j'ai dû réinstaller des drivers, galère",4,margaudschneider,fr,"Après une update, j'ai dû réinstaller des drivers, galère. J'attends une correction.",https://example.org/synthetic_reddit_style/218,updates
synthetic_google_play_style,SYN-000219,2025-10-24,Sécurité renforcée mais complexité accrue pour les options privées,2,bessonedouard,fr,Sécurité renforcée mais complexité accrue pour les options privées. (v1),https://example.org/synthetic_google_play_style/219,security
synthetic_reddit_style,SYN-000220,2024-11-30,Les icônes sont plus lisibles et l'accès aux paramètres est amélioré,5,pasquierlouise,fr,Les icônes sont plus lisibles et l'accès aux paramètres est amélioré.,https://example.org/synthetic_reddit_style/220,interface
synthetic_reddit_style,SYN-000221,2025-05-01,"Paramètres de confidentialité clairs, appréciable",5,sylviediaz,fr,"Paramètres de confidentialité clairs, appréciable. Cela dépend du matériel. Très utile.",https://example.org/synthetic_reddit_style/221,security
synthetic_google_play_style,SYN-000222,2024-11-30,Stuttering occasionnel sur certains titres récents,3,rogerjosephine,fr,Stuttering occasionnel sur certains titres récents. Très utile.,https://example.org/synthetic_google_play_style/222,gaming
synthetic_trustpilot_style,SYN-000223,2025-05-10,"Je trouve l'interface confuse, les paramètres sont dispersés",3,cribeiro,fr,"Je trouve l'interface confuse, les paramètres sont dispersés. Aucun souci. Edition test",https://example.org/synthetic_trustpilot_style/223,interface
synthetic_trustpilot_style,SYN-000224,2025-08-05,"Pilotes graphiques à mettre à jour, quelques incompatibilités",5,corinneribeiro,fr,"Pilotes graphiques à mettre à jour, quelques incompatibilités. Vraiment déçu.",https://example.org/synthetic_trustpilot_style/224,compatibility
synthetic_google_play_style,SYN-000225,2025-01-05,Sécurité renforcée mais complexité accrue pour les options privées,4,mantoine,fr,Sécurité renforcée mais complexité accrue pour les options privées. J'ai remarqué ça depuis plusieurs semaines. À surveiller.,https://example.org/synthetic_google_play_style/225,security
synthetic_trustpilot_style,SYN-000226,2025-07-13,Forum communautaire utile pour trouver des solutions,2,carlierrenee,fr,Forum communautaire utile pour trouver des solutions. Aucun souci.,https://example.org/synthetic_trustpilot_style/226,support
synthetic_trustpilot_style,SYN-000227,2025-01-11,"Support réactif et efficace, problème résolu rapidement",2,mberger,fr,"Support réactif et efficace, problème résolu rapidement. Merci ! (v2)",https://example.org/synthetic_trustpilot_style/227,support
synthetic_google_play_style,SYN-000228,2024-12-14,Lag et freeze occasionnels lors de l'utilisation d'apps lourdes,1,elisabethlegros,fr,Lag et freeze occasionnels lors de l'utilisation d'apps lourdes. J'attends une correction.,https://example.org/synthetic_google_play_style/228,performance
synthetic_reddit_style,SYN-000229,2025-03-06,"Des ralentissements parfois, surtout après une longue session",1,davidedouard,fr,"Des ralentissements parfois, surtout après une longue session. À surveiller.",https://example.org/synthetic_reddit_style/229,performance
synthetic_google_play_style,SYN-000230,2025-05-06,Les icônes sont plus lisibles et l'accès aux paramètres est amélioré,3,rbernard,fr,Les icônes sont plus lisibles et l'accès aux paramètres est amélioré. Très utile. Edition test,https://example.org/synthetic_google_play_style/230,interface
synthetic_trustpilot_style,SYN-000231,2024-12-09,Certaines options sont cachées et difficiles à trouver,3,emileandre,fr,Certaines options sont cachées et difficiles à trouver. J'attends une correction.,https://example.org/synthetic_trustpilot_style/231,interface
synthetic_google_play_style,SYN-000232,2025-07-05,Les icônes sont plus lisibles et l'accès aux paramètres est amélioré,4,duprelaurence,fr,Les icônes sont plus lisibles et l'accès aux paramètres est amélioré. J'ai remarqué ça depuis plusieurs semaines. (sur mon PC portable),https://example.org/synthetic_google_play_style/232,interface
synthetic_google_play_style,SYN-000233,2025-10-18,Problèmes de drivers avec certains modèles récents,1,denislabbe,fr,Problèmes de drivers avec certains modèles récents. Très utile.,https://example.org/synthetic_google_play_style/233,compatibility
synthetic_google_play_style,SYN-000234,2025-08-04,Trop d'alertes de sécurité qui deviennent agaçantes,5,pauline63,fr,Trop d'alertes de sécurité qui deviennent agaçantes. Très satisfait. Edition test,https://example.org/synthetic_google_play_style/234,security
synthetic_reddit_style,SYN-000235,2024-12-14,Les icônes sont plus lisibles et l'accès aux paramètres est amélioré,1,yves05,fr,Les icônes sont plus lisibles et l'accès aux paramètres est amélioré. Très satisfait. (v2),https://example.org/synthetic_reddit_style/235,interface
synthetic_reddit_style,SYN-000236,2025-05-28,Lag et freeze occasionnels lors de l'utilisation d'apps lourdes,2,emiliealbert,fr,Lag et freeze occasionnels lors de l'utilisation d'apps lourdes. À améliorer.,https://example.org/synthetic_reddit_style/236,performance
synthetic_google_play_style,SYN-000237,2025-03-21,Trop d'alertes de sécurité qui deviennent agaçantes,1,williammenard,fr,Trop d'alertes de sécurité qui deviennent agaçantes. Utile au quotidien. 🤔,https://example.org/synthetic_google_play_style/237,security
synthetic_trustpilot_style,SYN-000238,2025-05-29,Très bonnes performances en multitâche,4,paulettepetit,fr,Très bonnes performances en multitâche. Merci ! Edition test,https://example.org/synthetic_trustpilot_style/238,performance
synthetic_trustpilot_style,SYN-000239,2025-06-20,"FAQ claire et utile, j'ai trouvé ma réponse rapidement",4,leonmonnier,fr,"FAQ claire et utile, j'ai trouvé ma réponse rapidement. Très satisfait. Edition test",https://example.org/synthetic_trustpilot_style/239,support
synthetic_trustpilot_style,SYN-000240,2025-09-08,Assistance peu satisfaisante pour les cas complexes,5,dlemoine,fr,Assistance peu satisfaisante pour les cas complexes. Merci !,https://example.org/synthetic_trustpilot_style/240,support
synthetic_google_play_style,SYN-000241,2025-04-23,"Perte de FPS après la mise à jour, mauvaise surprise pour les joueurs",2,bcollin,fr,"Perte de FPS après la mise à jour, mauvaise surprise pour les joueurs. Utile au quotidien. J'attends une correction.",https://example.org/synthetic_google_play_style/241,gaming
synthetic_reddit_style,SYN-000242,2025-04-28,Mon imprimante n'est plus reconnue après la mise à jour,3,marianne52,fr,Mon imprimante n'est plus reconnue après la mise à jour. Utile au quotidien. J'attends une correction.,https://example.org/synthetic_reddit_style/242,compatibility
synthetic_google_play_style,SYN-000243,2025-10-26,Assistance peu satisfaisante pour les cas complexes,5,perrierelodie,fr,Assistance peu satisfaisante pour les cas complexes. Vraiment déçu.,https://example.org/synthetic_google_play_style/243,support
synthetic_trustpilot_style,SYN-000244,2025-05-10,Les patchs corrigent souvent des bugs mineurs rapidement,1,jeanfranck,fr,Les patchs corrigent souvent des bugs mineurs rapidement. (sur mon PC portable) révision,https://example.org/synthetic_trustpilot_style/244,updates
synthetic_trustpilot_style,SYN-000245,2025-03-06,Les icônes sont plus lisibles et l'accès aux paramètres est amélioré,1,xcordier,fr,Les icônes sont plus lisibles et l'accès aux paramètres est amélioré. Vraiment déçu.,https://example.org/synthetic_trustpilot_style/245,interface
synthetic_reddit_style,SYN-000246,2024-12-14,"Je trouve l'interface confuse, les paramètres sont dispersés",5,matthieu42,fr,"Je trouve l'interface confuse, les paramètres sont dispersés. Très utile.",https://example.org/synthetic_reddit_style/246,interface
synthetic_google_play_style,SYN-000247,2025-07-10,Certains fichiers légitimes sont parfois bloqués,5,neveustephane,fr,Certains fichiers légitimes sont parfois bloqués. Vraiment déçu. (v2),https://example.org/synthetic_google_play_style/247,security
synthetic_trustpilot_style,SYN-000248,2025-04-05,"MAJ automatique parfois intrusive, redémarrages inopinés",2,lucypasquier,fr,"MAJ automatique parfois intrusive, redémarrages inopinés. Cela dépend du matériel. Très satisfait.",https://example.org/synthetic_trustpilot_style/248,updates
synthetic_trustpilot_style,SYN-000249,2025-04-20,"Excellente expérience gaming, faible latence et bon framerate",1,emilie96,fr,"Excellente expérience gaming, faible latence et bon framerate. Merci ! (v1)",https://example.org/synthetic_trustpilot_style/249,gaming
synthetic_google_play_style,SYN-000250,2025-05-12,Mon imprimante n'est plus reconnue après la mise à jour,5,daniel18,fr,Mon imprimante n'est plus reconnue après la mise à jour. (sur mon PC portable) Edition test,https://example.org/synthetic_google_play_style/250,compatibility
synthetic_trustpilot_style,SYN-000251,2025-03-19,"Depuis la dernière mise à jour, le système est plus réactif et stable",5,leducalain,fr,"Depuis la dernière mise à jour, le système est plus réactif et stable. Cela dépend du matériel. Aucun souci.",https://example.org/synthetic_trustpilot_style/251,performance
synthetic_trustpilot_style,SYN-000252,2025-03-02,"Je trouve l'interface confuse, les paramètres sont dispersés",5,eleonorepires,fr,"Je trouve l'interface confuse, les paramètres sont dispersés.",https://example.org/synthetic_trustpilot_style/252,interface
synthetic_google_play_style,SYN-000253,2025-09-18,Optimisation des drivers GPU nettement meilleure qu'avant,1,stephanie88,fr,Optimisation des drivers GPU nettement meilleure qu'avant. Très utile. révision,https://example.org/synthetic_google_play_style/253,gaming
synthetic_reddit_style,SYN-000254,2024-11-17,Stuttering occasionnel sur certains titres récents,3,xdelannoy,fr,Stuttering occasionnel sur certains titres récents. Cela dépend du matériel. Vraiment déçu.,https://example.org/synthetic_reddit_style/254,gaming
synthetic_reddit_style,SYN-000255,2025-04-24,Les patchs corrigent souvent des bugs mineurs rapidement,1,constancemarques,fr,Les patchs corrigent souvent des bugs mineurs rapidement. (sur mon PC portable) révision,https://example.org/synthetic_reddit_style/255,updates
synthetic_reddit_style,SYN-000256,2025-03-04,"Windows Defender a bloqué une menace, rassurant",5,girardsusanne,fr,"Windows Defender a bloqué une menace, rassurant. Merci !",https://example.org/synthetic_reddit_style/256,security
synthetic_google_play_style,SYN-000257,2025-07-31,Forum communautaire utile pour trouver des solutions,5,upoirier,fr,Forum communautaire utile pour trouver des solutions. Utile au quotidien.,https://example.org/synthetic_google_play_style/257,support
synthetic_trustpilot_style,SYN-000258,2025-09-12,Assistance peu satisfaisante pour les cas complexes,1,augustin90,fr,Assistance peu satisfaisante pour les cas complexes. 🤔 (v2),https://example.org/synthetic_trustpilot_style/258,support
synthetic_reddit_style,SYN-000259,2025-11-12,"Après une update, j'ai dû réinstaller des drivers, galère",3,bpeltier,fr,"Après une update, j'ai dû réinstaller des drivers, galère. Très satisfait.",https://example.org/synthetic_reddit_style/259,updates
synthetic_google_play_style,SYN-000260,2025-06-23,"MAJ automatique parfois intrusive, redémarrages inopinés",1,kboyer,fr,"MAJ automatique parfois intrusive, redémarrages inopinés. Vraiment déçu.",https://example.org/synthetic_google_play_style/260,updates
synthetic_trustpilot_style,SYN-000261,2025-03-22,Certaines options sont cachées et difficiles à trouver,1,levequeclaire,fr,Certaines options sont cachées et difficiles à trouver. J'attends une correction. (v2),https://example.org/synthetic_trustpilot_style/261,interface
synthetic_trustpilot_style,SYN-000262,2025-08-07,Les patchs corrigent souvent des bugs mineurs rapidement,1,brunnoemi,fr,Les patchs corrigent souvent des bugs mineurs rapidement. Aucun souci.,https://example.org/synthetic_trustpilot_style/262,updates
synthetic_reddit_style,SYN-000263,2025-10-14,Le nouveau menu Démarrer est moderne et pratique,1,timothee22,fr,Le nouveau menu Démarrer est moderne et pratique. À améliorer. (v2),https://example.org/synthetic_reddit_style/263,interface
synthetic_reddit_style,SYN-000264,2025-01-28,Les patchs corrigent souvent des bugs mineurs rapidement,1,ngerard,fr,Les patchs corrigent souvent des bugs mineurs rapidement. Cela dépend du matériel. À surveiller.,https://example.org/synthetic_reddit_style/264,updates
synthetic_google_play_style,SYN-000265,2025-09-09,"Je trouve l'interface confuse, les paramètres sont dispersés",3,christellelefevre,fr,"Je trouve l'interface confuse, les paramètres sont dispersés. À surveiller. révision",https://example.org/synthetic_google_play_style/265,interface
synthetic_reddit_style,SYN-000266,2025-04-24,"Windows Defender a bloqué une menace, rassurant",4,cecilemaillard,fr,"Windows Defender a bloqué une menace, rassurant. Très utile.",https://example.org/synthetic_reddit_style/266,security
synthetic_google_play_style,SYN-000267,2025-10-06,"Je trouve l'interface confuse, les paramètres sont dispersés",2,pasquiermarcelle,fr,"Je trouve l'interface confuse, les paramètres sont dispersés. Très utile. (v1)",https://example.org/synthetic_google_play_style/267,interface
synthetic_reddit_style,SYN-000268,2025-05-06,Problèmes de drivers avec certains modèles récents,1,webermarie,fr,Problèmes de drivers avec certains modèles récents. Très satisfait. (v2),https://example.org/synthetic_reddit_style/268,compatibility
synthetic_reddit_style,SYN-000269,2025-03-06,"Excellente expérience gaming, faible latence et bon framerate",1,emmanuel83,fr,"Excellente expérience gaming, faible latence et bon framerate. Utile au quotidien. Très satisfait.",https://example.org/synthetic_reddit_style/269,gaming
synthetic_google_play_style,SYN-000270,2025-05-21,"Perte de FPS après la mise à jour, mauvaise surprise pour les joueurs",2,huetjean,fr,"Perte de FPS après la mise à jour, mauvaise surprise pour les joueurs. (v2)",https://example.org/synthetic_google_play_style/270,gaming
synthetic_reddit_style,SYN-000271,2024-12-05,"Le système est parfois lent au démarrage, mais correct ensuite",1,danielruiz,fr,"Le système est parfois lent au démarrage, mais correct ensuite. (sur mon PC portable) (v1)",https://example.org/synthetic_reddit_style/271,performance
synthetic_google_play_style,SYN-000272,2025-02-12,Optimisation des drivers GPU nettement meilleure qu'avant,3,suzanne57,fr,Optimisation des drivers GPU nettement meilleure qu'avant. 🤔,https://example.org/synthetic_google_play_style/272,gaming
synthetic_reddit_style,SYN-000273,2024-12-17,Les patchs corrigent souvent des bugs mineurs rapidement,2,sboyer,fr,Les patchs corrigent souvent des bugs mineurs rapidement. Merci ! révision,https://example.org/synthetic_reddit_style/273,updates
synthetic_reddit_style,SYN-000274,2025-06-09,Sécurité renforcée mais complexité accrue pour les options privées,3,obaudry,fr,Sécurité renforcée mais complexité accrue pour les options privées. À surveiller.,https://example.org/synthetic_reddit_style/274,security
synthetic_trustpilot_style,SYN-000275,2025-04-24,"Une mise à jour a provoqué un écran bleu, j'ai dû restaurer",1,maillotalexandre,fr,"Une mise à jour a provoqué un écran bleu, j'ai dû restaurer. J'attends une correction.",https://example.org/synthetic_trustpilot_style/275,updates
synthetic_trustpilot_style,SYN-000276,2024-12-19,Les mises à jour sont désormais discrètes et stables,3,remy68,fr,Les mises à jour sont désormais discrètes et stables. J'attends une correction.,https://example.org/synthetic_trustpilot_style/276,updates
synthetic_google_play_style,SYN-000277,2025-11-05,Certaines options sont cachées et difficiles à trouver,1,ojacquet,fr,Certaines options sont cachées et difficiles à trouver. 🤔 (v2),https://example.org/synthetic_google_play_style/277,interface
synthetic_reddit_style,SYN-000278,2024-12-21,Certains fichiers légitimes sont parfois bloqués,3,frederique35,fr,Certains fichiers légitimes sont parfois bloqués. Cela dépend du matériel.,https://example.org/synthetic_reddit_style/278,security
synthetic_google_play_style,SYN-000279,2024-11-24,Assistance peu satisfaisante pour les cas complexes,4,marchaldaniel,fr,Assistance peu satisfaisante pour les cas complexes. 🤔 révision,https://example.org/synthetic_google_play_style/279,support
synthetic_google_play_style,SYN-000280,2025-02-03,Bonne compatibilité avec mes périphériques plus anciens,5,alvesbertrand,fr,Bonne compatibilité avec mes périphériques plus anciens. Vraiment déçu. révision,https://example.org/synthetic_google_play_style/280,compatibility
synthetic_reddit_style,SYN-000281,2025-04-14,Problèmes de drivers avec certains modèles récents,1,afaivre,fr,Problèmes de drivers avec certains modèles récents.,https://example.org/synthetic_reddit_style/281,compatibility
synthetic_reddit_style,SYN-000282,2024-12-20,Certains fichiers légitimes sont parfois bloqués,5,simoneclerc,fr,Certains fichiers légitimes sont parfois bloqués. À améliorer.,https://example.org/synthetic_reddit_style/282,security
synthetic_trustpilot_style,SYN-000283,2024-12-22,"Je trouve l'interface confuse, les paramètres sont dispersés",5,nicolasgilles,fr,"Je trouve l'interface confuse, les paramètres sont dispersés. Cela dépend du matériel. Merci !",https://example.org/synthetic_trustpilot_style/283,interface
synthetic_trustpilot_style,SYN-000284,2025-10-15,"Excellente expérience gaming, faible latence et bon framerate",1,david15,fr,"Excellente expérience gaming, faible latence et bon framerate. Très utile. Edition test",https://example.org/synthetic_trustpilot_style/284,gaming
synthetic_google_play_style,SYN-000285,2025-05-12,Sécurité renforcée mais complexité accrue pour les options privées,3,allardthibault,fr,Sécurité renforcée mais complexité accrue pour les options privées. À améliorer. Edition test,https://example.org/synthetic_google_play_style/285,security
synthetic_reddit_style,SYN-000286,2024-12-31,"Après une update, j'ai dû réinstaller des drivers, galère",3,rleroy,fr,"Après une update, j'ai dû réinstaller des drivers, galère. J'ai remarqué ça depuis plusieurs semaines. J'attends une correction. révision",https://example.org/synthetic_reddit_style/286,updates
synthetic_google_play_style,SYN-000287,2025-09-08,"Perte de FPS après la mise à jour, mauvaise surprise pour les joueurs",1,costaamelie,fr,"Perte de FPS après la mise à jour, mauvaise surprise pour les joueurs. Aucun souci.",https://example.org/synthetic_google_play_style/287,gaming
synthetic_reddit_style,SYN-000288,2025-06-30,Problèmes de drivers avec certains modèles récents,1,amelie26,fr,Problèmes de drivers avec certains modèles récents. J'ai remarqué ça depuis plusieurs semaines. Aucun souci.,https://example.org/synthetic_reddit_style/288,compatibility
synthetic_google_play_style,SYN-000289,2025-06-09,Mon imprimante n'est plus reconnue après la mise à jour,2,margaudjean,fr,Mon imprimante n'est plus reconnue après la mise à jour. Cela dépend du matériel. À améliorer.,https://example.org/synthetic_google_play_style/289,compatibility
synthetic_reddit_style,SYN-000290,2025-07-19,"Support réactif et efficace, problème résolu rapidement",1,troy,fr,"Support réactif et efficace, problème résolu rapidement. À améliorer.",https://example.org/synthetic_reddit_style/290,support
synthetic_reddit_style,SYN-000291,2025-04-10,"Je trouve l'interface confuse, les paramètres sont dispersés",1,gomeszoe,fr,"Je trouve l'interface confuse, les paramètres sont dispersés. Très satisfait.",https://example.org/synthetic_reddit_style/291,interface
synthetic_trustpilot_style,SYN-000292,2025-03-15,"Perte de FPS après la mise à jour, mauvaise surprise pour les joueurs",1,glejeune,fr,"Perte de FPS après la mise à jour, mauvaise surprise pour les joueurs. J'attends une correction.",https://example.org/synthetic_trustpilot_style/292,gaming
synthetic_reddit_style,SYN-000293,2025-02-24,"Excellente expérience gaming, faible latence et bon framerate",2,fblanc,fr,"Excellente expérience gaming, faible latence et bon framerate. À surveiller.",https://example.org/synthetic_reddit_style/293,gaming
synthetic_reddit_style,SYN-000294,2025-05-27,Problèmes de drivers avec certains modèles récents,1,joseph50,fr,Problèmes de drivers avec certains modèles récents. À surveiller.,https://example.org/synthetic_reddit_style/294,compatibility
synthetic_reddit_style,SYN-000295,2025-03-22,"FAQ claire et utile, j'ai trouvé ma réponse rapidement",1,wdumont,fr,"FAQ claire et utile, j'ai trouvé ma réponse rapidement. Cela dépend du matériel. À améliorer.",https://example.org/synthetic_reddit_style/295,support
synthetic_reddit_style,SYN-000296,2024-12-18,"FAQ claire et utile, j'ai trouvé ma réponse rapidement",3,valeriemaillet,fr,"FAQ claire et utile, j'ai trouvé ma réponse rapidement. J'attends une correction.",https://example.org/synthetic_reddit_style/296,support
synthetic_reddit_style,SYN-000297,2025-09-28,Mon imprimante n'est plus reconnue après la mise à jour,2,cleroy,fr,Mon imprimante n'est plus reconnue après la mise à jour. Utile au quotidien. Vraiment déçu.,https://example.org/synthetic_reddit_style/297,compatibility
synthetic_google_play_style,SYN-000298,2025-11-01,Stuttering occasionnel sur certains titres récents,5,normandelisabeth,fr,Stuttering occasionnel sur certains titres récents. Très satisfait.,https://example.org/synthetic_google_play_style/298,gaming
synthetic_google_play_style,SYN-000299,2024-12-14,Assistance peu satisfaisante pour les cas complexes,5,jacquelinehamon,fr,Assistance peu satisfaisante pour les cas complexes.,https://example.org/synthetic_google_play_style/299,support
synthetic_reddit_style,SYN-000300,2025-10-14,"Pilotes graphiques à mettre à jour, quelques incompatibilités",2,zoelemaitre,fr,"Pilotes graphiques à mettre à jour, quelques incompatibilités. J'ai remarqué ça depuis plusieurs semaines. Très satisfait.",https://example.org/synthetic_reddit_style/300,compatibility
